Firearm Reference Number,Make,Model,Individual Amount
125981,Steele, G M,GM16,$150
133396,Mossberg,702 Plinkster Tactical 22,$190
126180,Robinson Armament,M96 Top Feed,$250
127500,Defense Technology,L8,$270
129112,Defense Technology,40MM Launcher,$270
129113,Defense Technology,37mm Gas Gun,$270
129114,Defense Technology,37mm Gas Gun Pistol,$270
131599,Defense Technology,1375 Multi-Launcher,$270
172946,Defense Technology,40MM Launcher,$270
16275,Armi Jager,AP15,$300
136698,Mossberg,715T Tactical 22,$305
197355,Tokarev USA,TBP12,$350
91835,Omega Weapons Systems Incorporated,SPS-12,$360
146625,Mossberg,715P,$375
125477,SNS Industries,Max 15,$390
125480,SNS Industries,Max 15 Pistol,$390
143649,SNS Industries,LFT-15,$390
143651,SNS Industries,NO-15,$390
125681,Cobray,37mm Launcher,$430
128292,Spike's Tactical,37mm Launcher STZ Havoc,$430
196421,Hunt Group,MH-S,$450
157786,German Sport Guns,GSG MP40 Carbine,$465
172502,Radical Firearms,RFS-15 Pistol,$490
164366,Tomahawk,PA22,$495
166822,Adler,Adler B210,$495
166942,Berika,TA1950,$495
187342,Canuck,Havoc,$495
136217,Chiappa Firearms,M1-22,$500
732,Ljungman,AG42,$510
2514,Ljungman,AG42,$510
134899,Chiappa Firearms,M Four-22 Pistol,$510
164310,Uzkon,BR20,$515
16274,Armi Jager,AP74,$520
41453,Mitchell Arms,M16A3/22,$520
123337,Hi-Point Firearms,4095,$525
197411,Hi-Point Firearms,4095,$525
132701,Chiappa Firearms,M Four-22,$530
84978,Dalphon,BFD,$540
139319,Citadel,M1-22,$550
142062,Micor Defense,Leader 50,$550
142062,Micor Defense,Leader 50,$550
195044,Mauser,M15,$550
196583,Midwest Metal Creations,MG13,$550
197947,Black Aces Tactical,FD12,$550
198631,Adrenaline Arms,SG-105,$550
129061,Kel Tec,PLR-22,$560
144800,Matrix Aerospace,MA-15,$560
187442,MKA Arms,MKA 1919PA,$560
31525,Hi-Point Firearms,995,$575
124211,Hi-Point Firearms,4595,$575
185042,Hi-Point Firearms,4595,$575
196203,Hi-Point Firearms,995,$575
145908,Chiappa Firearms,M1-9,$580
136037,Bates & Dittus,UBL-37,$590
136038,Bates & Dittus,ExD-37,$590
136039,Bates & Dittus,TBL-37,$590
136040,Bates & Dittus,SML-37 Pistol,$590
157766,FMK,AR1 Extreme,$590
132192,ISSC,MK22,$600
133439,Essential Arms Company,J15F,$600
133439,Essential Arms Company,J15F,$600
136936,GTO,Core-15,$600
141925,GTO,Hard Core 15,$600
165582,German Sport Guns,GSG-15,$600
179964,Black Creek Labs,BCL15,$600
195019,Mauser,Mauser StG44,$600
195020,Mauser,Mauser MP40 Carbine,$600
195454,German Sport Guns,GSG-16,$600
195456,American Tactical Imports,GSG-16,$600
64904,Norinco,Type CQ 311,$610
126363,TOZ,TOZ-123-01,$620
195293,Bear Creek Arsenal,BCA15,$620
194917,Sulun Arms,SG-105,$625
198814,Sterling Arms International,R18 MK3,$625
138261,Anschutz,MSR RX22,$630
28293,Mitchell Arms,CAR15/22,$640
41451,Mitchell Arms,M16A1/22,$640
129602,Smith & Wesson,M&P 15-22,$640
175444,Hi-Point Firearms,3895,$645
190702,Hi-Point Firearms,1095,$645
515,Iver Johnson,EW22HBA,$650
4726,ERMA,EM1,$650
26608,Universal,M1 Carbine,$650
27460,Universal,5000PT,$650
27466,Universal,1015,$650
27480,Universal,1002,$650
122975,Global Arms,M1 Carbine,$650
126844,T-15 Industries,Sten MARK 2 SA,$650
128198,Heckler & Koch,HK416D,$650
128707,Iver Johnson,SC30SS,$650
128717,Iver Johnson,SC30FS,$650
129372,Santa Fe,M1 Carbine,$650
132980,Heckler & Koch,HK416D,$650
146315,Citadel,M1-9,$650
147639,EAA,Appeal,$650
197949,True North Arms,WK180C,$650
198846,Sterling Arms International,R9 MK1,$650
141208,Adams Arms,AA15,$660
134802,Surplus Ammo & Arms,LOW15,$670
141126,Surplus Ammo & Arms,LOW16,$670
144480,Surplus Ammo & Arms,SA15,$670
168002,American Tactical Imports,Omni Hybrid Pistol,$670
27455,Universal,1003,$675
122074,Ermas Firearms Manufacturing,M1 Carbine,$675
128662,Universal,5006,$675
128663,Universal,5016,$675
130530,Globe Firearms,555,$675
180283,Freedom Ordnance,FX-9,$675
25981,Pardus,SBX,$680
77493,American Spirit Arms,ASA15,$680
120316,Homemade,AR15,$680
126927,Diemaco,C8CT Copy,$680
129426,R&C Armoury,AR15,$680
131409,Homemade,AR-10 Copy,$680
140418,Plumcrazy Firearms,C15,$680
195012,Pardus,SBS12,$680
195597,Palmetto State Armory,GX-9,$680
197427,Talon Armament,TAC-SAR15,$680
18805,Eagle Arms Incorporated,EA-15,$690
125602,Lauer Custom Weaponry,LCW15,$690
144559,Dominion Arms,DA556,$690
198268,F4 Defense,F4-15,$693
27046,Universal,30M-1BG,$700
27204,Universal,30M-1A,$700
27212,Universal,1000,$700
27476,Universal,1004,$700
120053,Kel Tec,Sub-2000,$700
128603,Universal,1006,$700
128664,Universal,1021,$700
128666,Universal,1023,$700
128718,Iver Johnson,SC5.7F,$700
131610,DPMS,A-15 Panther Sportical,$700
139783,Kel Tec,SU-22,$700
147799,Thureon Defense,GA,$700
187362,Canuck,Spectre,$700
193162,ISSC,TXR22,$700
195599,Tracker Arms,HG-105,$700
197912,Pallas,PX3,$705
25822,Palmetto State Armory,PA-15 Pistol,$710
171942,Essential Arms Company,J15-2,$710
196297,Norinco,CQ,$710
89915,Leitner-Wise Rifle,LW15-22,$720
129492,American Tactical Imports,T14,$720
139067,American Tactical Imports,Omni,$720
143400,American Tactical Imports,Omni,$720
179182,Tippmann Arms,M4-22,$720
195844,American Tactical Imports,MilSport Canadian,$720
195879,American Tactical Imports,MilSport Canadian,$720
197292,Hunt Group,VM12,$720
27202,Universal,30M-1B,$725
27462,Universal,1005,$725
27464,Universal,1010,$725
128647,Universal,30M-1BB,$725
128665,Universal,1022,$725
153787,Kral,KRX,$735
170762,Axor,MF-1,$745
189305,Best Arms,BA812,$745
189308,Best Arms,BA12,$745
196394,Husan,MKA 1919PA,$745
27206,Universal,30M-1BN,$750
27468,Universal,1020,$750
27471,Universal,1025,$750
34134,DPMS,A-15 Panther Classic Sixteen,$750
41449,Mitchell Arms,M16/22,$750
63982,Norinco,305,$750
128620,Universal,Enforcer B,$750
128621,Universal,Enforcer BN,$750
128706,Iver Johnson,SC30S,$750
129062,Kel Tec,SU-22CA,$750
132998,Colt,M16 Rifle,$750
135697,Kel Tec,SU-22C,$750
135699,Kel Tec,SU-22E,$750
139452,Beretta,ARX160-22 Pistol,$750
139822,German Sport Guns,GSG Sturmgewehr StG44,$750
143480,Norinco,M305,$750
158348,American Tactical Imports,GSG Sturmgewehr StG44,$750
162526,Norinco,M305,$750
162927,Norinco,305A,$750
177122,Norinco,M305C,$750
177183,Norinco,M305D,$750
177202,Norinco,CSLR27,$750
177223,Norinco,CSLR28,$750
178642,Ranger,Bullpup,$750
199097,Landor Arms,BPX 904,$750
124403,Norinco,Type CQ Semi-Automatic Rifle,$760
172602,Stag Arms,Stag-9,$760
123229,Norinco,Type CQ 311-1,$765
123231,Norinco,311-3,$765
129827,Norinco,Type CQ-A-1 Semi-Automatic Rifle,$765
57598,Heckler & Koch,G36KP,$770
121152,Heckler & Koch,G36C,$770
124869,Kel Tec,PLR-16,$770
126505,Vulcan Armament,V15,$770
136021,FMK,AR-1 Patriot,$770
153688,Kel Tec,CMR-30,$770
128622,Universal,Enforcer BG,$775
196226,Landor Arms,BPX 905,$775
119860,Olympic Arms,Plinker,$780
143386,Umlaut Industries,U4,$780
195909,Xtreme Gun,XG15,$780
147706,Mossberg,715P Duck Commander,$790
197552,Smith & Wesson,M&P FPC,$795
512,Iver Johnson,GI-9,$800
20270,Iver Johnson,M1 Carbine,$800
120632,American Tactical Imports,AT-15,$800
128713,Iver Johnson,SC5.7S,$800
128721,Iver Johnson,PM30GW,$800
128922,LDP,LDP,$800
129752,Norinco,Type 97A Sniper Rifle,$800
130180,Iver Johnson,M1 Carbine 30G,$800
138160,Excel Arms,X-5.7R,$800
139451,Beretta,ARX160-22,$800
141919,Federal Laboratories,Federal Gas Riot Gun,$800
142979,Caracal,CC10,$800
158347,American Tactical Imports,GSG MP40 Carbine,$800
158366,Asena,Asena,$800
183442,Radical Firearms,RF-15,$800
189302,Best Arms,BA912,$800
195934,American Tactical Imports,GSG MP40 P,$800
195935,German Sport Guns,GSG MP40 Pistol,$800
196628,Polish Submachine Gun,PM63-C,$800
197377,Adler International Firearms Corporation (AIFC),RS-Q1,$800
197619,Irunguns,ATF SBR-9 Prototype,$800
197870,Irunguns,ATF SBR-9,$800
132999,Colt,M16 SPR,$810
125498,High Standard,HSA-15,$820
146039,American Tactical Imports,Omni Hybrid,$820
146039,American Tactical Imports,Omni Hybrid,$820
146040,American Tactical Imports,Omni Hybrid,$820
158350,American Tactical Imports,Omni Hybrid,$820
167485,American Tactical Imports,Omni Hybrid,$820
198592,Vikings,VK-12,$820
521,Iver Johnson,M1 Paratrooper Carbine,$825
195484,Landor Arms,BPX 902,$825
18539,Sabatti,SAR,$840
25626,Palmetto State Armory,KS47,$840
128287,Cavalry Arms,CAV-15A,$840
147023,High Standard,HSA-15 Crusader,$840
130082,Unknown,AR15,$845
130085,Unknown,AR15,$845
158186,Homemade,DF15,$845
162566,Homemade,Lebel R1,$845
196326,Defense Distributed,AR15 3D Printed,$845
8,US Carbine,M1,$850
9,US Carbine,M1,$850
10,US Carbine,M1,$850
12,US Carbine,M1,$850
13,US Carbine,M1,$850
14,US Carbine,M1,$850
15,US Carbine,M1,$850
16,US Carbine,M1,$850
520,Iver Johnson,PM30HB,$850
4772,Globe Firearms,Mohawk 555,$850
24231,US Carbine,M1,$850
49450,US Carbine,M1,$850
117335,Globe Firearms,555A,$850
127608,Olympic Arms,Plinker Plus,$850
128715,Iver Johnson,SC5.7SS,$850
128716,Iver Johnson,SC30F,$850
128719,Iver Johnson,SC5.7SF,$850
128801,US Carbine,M1,$850
130715,Federal Laboratories,203A,$850
136242,US Carbine,M1,$850
136296,US Carbine,M1,$850
158769,Inland Manufacturing,M1 Carbine,$850
181444,Motiuk Manufacturing,MG1919-S Prototype,$850
195317,US Carbine,M1,$850
196913,Tommy Built Tactical,TG36,$850
197617,EGE,JAWS BP12,$850
42236,Olympic Arms,PCR,$860
121350,DPMS,A-15 Panther Tuber,$860
132450,Akdal,MKA 1919,$870
137416,Tomahawk,2010,$870
142124,Akdal,MKA 1919,$870
145170,Akdal,TAC-12,$870
147046,Alpharms,15SA,$870
158626,MKA Arms,MKA 1919,$870
163926,Pardus,SD,$870
164268,Derya Arms,VR90,$870
164328,Tomahawk,G7,$870
164331,Tomahawk,SA22,$870
164335,Tomahawk,SA15,$870
169003,Uzkon,TR199,$870
170342,Axor,MF-2,$870
176624,Typhoon Defence,F12 Typhoon,$870
179042,Ranger,XT3 Tactical,$870
187582,MKA Arms,MKA 1919,$870
189306,Best Arms,BA712,$870
195057,TriStar,KRX,$870
196219,Landor Arms,LND-109,$870
196350,MKA Arms,MKA 1919 Match,$870
196393,Husan,MKA 1919 M71,$870
196508,Adler,JAE 210,$870
124548,Action Legends Manufacturing,M888 M1 Carbine,$875
169004,Uzkon,Typhoon ARS12,$875
197416,Xtreme Gun,AR-10 DPMS Type,$875
25517,Eagle Arms Division Of Armalite,M15A2,$880
31477,Hesse Arms,HAR15A2 Standard,$880
33645,84 Gun,Lobo,$880
33647,84 Gun,Pennsylvania,$880
78891,Hesse Arms,HAR15A2,$880
88016,Olympic Arms,CAR97,$880
125604,LAR Manufacturing,Grizzly-15,$880
139863,Norinco,Type CQ-A Semi-Automatic Rifle,$880
140990,Sendra Corp,XM15E2,$880
141765,LAR Manufacturing,AA15,$880
141766,LAR Manufacturing,SK15,$880
142349,US Autoweapons,USM4,$880
147029,High Standard,HSA-15 Enforcer 300,$880
147306,Aero Precision,H15,$880
185063,Pallas,PX2,$880
195716,Inter Ordnance,IO-G9,$890
27205,Universal,30M-10S,$900
31466,Hesse Arms,HAR15A2 Bull Gun,$900
41308,Bushmaster,M17S,$900
66064,IAI,M888 M1 Carbine,$900
119861,Olympic Arms,FAR-15,$900
124208,Federal Laboratories,201Z,$900
128615,US Carbine,T3,$900
128616,US Carbine,T3,$900
128685,Plainfield Machine,P30SG,$900
144785,ADC,ADC234,$900
144862,ADC,ADC253,$900
195083,Panzer Arms,BP-12,$900
195699,Jard,J180,$900
196397,Husan,MKA 1923,$900
197763,SBI,Lynx 180B,$900
49088,Professional Ordnance,Carbon 15,$905
147718,Mossberg,715T Tactical 22 Duck Commander,$905
196207,Radian,AX556,$905
121318,DPMS,A-15 Panther 22,$910
125706,CMMG,Mod4SA,$910
163426,Aero Precision,A15,$910
178742,Aero Precision,STS15,$910
195855,Czech Small Arms,SA VZ58 Sporter 223 REM,$910
41991,Norinco,M14 Semi-Automatic,$915
47125,Olympic Arms,MFR,$920
139122,Smith & Wesson,M&P 15-22PC,$920
174004,Torro,EM1,$925
197371,Hunt Group,FD12,$925
140420,North Eastern Arms,NEA-15 Pistol,$930
144955,Windham Weaponry,WW-CF,$930
155006,US Arms,Patriot 15,$930
164336,Tomahawk,SO2,$930
189307,Best Arms,BA612,$930
184122,Ruger,PC Carbine,$935
117771,Olympic Arms,K4B,$940
123163,Cavalry Arms,CAV-15 Rifleman,$940
125632,Cavalry Arms,CAV-15,$940
137198,North Eastern Arms,NEA-15,$940
145970,North Eastern Arms,NEA-25,$940
161626,Olympic Arms,K22 Rimfire Target Match,$940
168923,North Eastern Arms,NEA102,$940
195880,American Tactical Imports,MilSport,$940
195881,American Tactical Imports,MilSport,$940
164662,Palmetto State Armory,PA-X9,$945
191962,Kirici,AXL 47,$945
195283,Revolution Armory,AXL 47,$945
33643,84 Gun,Classic,$950
34115,DPMS,A-15 Panther Pistol,$950
49453,US Carbine,M1A1,$950
99755,Hy Hunter,M1 Carbine,$950
124206,DPMS,A-15 Panther Pistol,$950
128617,Hy Hunter,M1 Carbine,$950
128672,Plainfield Machine,PM30G,$950
136020,Tanfoglio,Appeal,$950
136205,Taurus,CT45 G2,$950
158768,Inland Manufacturing,M1A1,$950
198582,Armed,Stryker ML 12,$950
198792,Kel Tec,PLR-16F,$950
128255,Remington,R25,$960
130417,China Xinshidai,Type CQ-A-1 Semi-Automatic Rifle,$960
166442,Norinco,305B,$960
169182,Eagle Arms Division Of Armalite,Eagle-15,$960
195581,Aero Precision,G15 Ghost Gun,$960
24588,Aero Precision,Pistol,$970
123342,VM Hy-Tech,VM15,$970
127826,Spike's Tactical,SL-15,$970
19204,Just Right Carbines,JR Pistol,$980
123162,Cavalry Arms,CAV-15 Scout,$980
123955,Superior Arms,S-15,$980
125028,DSA Incorporated,ZM4,$980
127606,Olympic Arms,K16,$980
132928,Charles Daly Defense,CDD-15,$980
141542,Detroit Gun Works,DGW15,$980
147027,High Standard,HSA-15 Enforcer,$980
136577,Mossberg,MMR Tactical,$990
197150,Kel Tec,PLR-16R,$990
141379,Derya Arms,MK12,$995
142275,Alpharms,07SA,$995
157548,Husan & Eksen,MKA 1919 Match,$995
164286,Uzkon,BR99,$995
164330,Tomahawk,G9,$995
164383,Tomahawk,SAG33,$995
167043,Berika,TS1950,$995
184544,Final Defense,FD12,$995
187983,Eternal,FX12,$995
196392,Husan,MKA 1919,$995
196395,Husan,MKA 1919 Match,$995
37129,Kel Tec,Sub-9,$1,000
66645,CZ,CZ91S,$1,000
119424,Howa,M1 Carbine Type,$1,000
121466,Kel Tec,SU-16,$1,000
123003,Ameetec Arms,AM-15 M4 Tactical Master,$1,000
123004,Ameetec Arms,AM-15 Varmint Master,$1,000
123005,Ameetec Arms,AM-15 Standard Tactical,$1,000
123006,Ameetec Arms,AM-15 Standard Varmint,$1,000
123007,Ameetec Arms,AM-15 Modular,$1,000
123008,Ameetec Arms,AM-15 General,$1,000
123010,Ameetec Arms,WM-15,$1,000
123053,Ameetec Arms,AM-15 Tactical Predator,$1,000
123055,Ameetec Arms,AM-15 9MM,$1,000
125249,Bushmaster,XM15E2S Law Enforcement,$1,000
127607,Olympic Arms,GI-16,$1,000
128681,Plainfield Machine,PM30P,$1,000
128930,Kommando,Kommando,$1,000
131827,TNW,Suomi M31,$1,000
135878,Kel Tec,SU-16A,$1,000
135879,Kel Tec,SU-16B,$1,000
142362,CZ,CZ858 Tactical-2 P Proofed 2007 or later,$1,000
160486,Poly Technologies,Type 81SA,$1,000
163746,Escort,Escort Raider,$1,000
188265,Armed,Stryker,$1,000
128680,Plainfield Machine,P30DT,$1,005
25191,Armalite,M4C Carbine,$1,010
49092,Professional Ordnance,Carbon 15 Pistol,$1,010
78871,Hesse Arms,HAR25,$1,010
119129,DPMS,A-15 Panther Classic Lo-Pro,$1,010
133482,Century Arms,C15A1 Sporter,$1,010
145421,Century Arms,C15 Sporter,$1,010
186482,Radical Firearms,RF-15 Pistol,$1,015
191082,Huglu,XR7,$1,015
33840,DPMS,A-15 Panther Bull Classic,$1,020
127591,Olympic Arms,K30R,$1,030
127592,Olympic Arms,K68,$1,030
186863,Mossberg,MMR,$1,030
51306,Kel Tec,Sub-40,$1,035
34023,DPMS,A-15 Panther Southpaw,$1,040
121592,Double Star,Star-15 Lightweight Tactical,$1,040
130829,Astra Arms,STG4,$1,040
138098,Anderson Manufacturing,AM-15,$1,040
140249,Huldra,MARK 4,$1,040
141844,MAG Tactical Systems,MG-G4,$1,040
144600,AdeQ Firearms,Paladin,$1,040
150207,Anderson Manufacturing,AM-15,$1,040
154026,Utas,XTR-12,$1,040
179202,Amtec Less-Lethal Systems (ALS),40MM Launcher,$1,040
21476,Cobra,Cobra,$1,045
21190,Kommando Arms Manufacturing,Paramax,$1,050
122716,Stag Arms,Stag-223,$1,050
128673,Plainfield Machine,PM30GT,$1,050
131999,Just Right Carbines,JR Carbine,$1,050
142363,CZ,CZ858 Tactical-2 V Proofed 2007 or later,$1,050
142369,CZ,CZ858 Tactical-4 P Proofed 2007 or later,$1,050
146385,CZ,CZ858 Tactical-2 P Proofed 2005/2006,$1,050
146386,CZ,CZ858 Tactical-2 V Proofed 2005/2006,$1,050
146624,CZ,CZ958 Hunter P,$1,050
148085,CZ,CZ958 2P,$1,050
148086,CZ,CZ958 2V,$1,050
148234,CZ,CZ858 Tactical-4 V Proofed 2007 or later,$1,050
172184,CZ,CZ858 Tactical-2 P Spartan Limited Edition Proofed 2007 or later,$1,050
176546,Inland Manufacturing,T30 Carbine,$1,050
33822,DPMS,A-15 Panther Bull SST Sixteen,$1,060
122788,Bushmaster,Carbon 15,$1,060
127602,Olympic Arms,K7 Eliminator,$1,060
176582,KE Arms,KE-15,$1,060
125277,Eagle Arms Division Of Armalite,M15,$1,070
134563,Hughes Precision,HR-15F,$1,070
141704,Czech Small Arms,SA VZ58 Sporter 222 REM,$1,070
145200,Diamondback Firearms,DB-15,$1,070
145201,Diamondback Firearms,DB-15,$1,070
196186,Palmetto State Armory,KS-47G2,$1,070
23791,Balikli,Makarov BSM-12,$1,075
31684,Polish State Arsenals,PM84P,$1,075
58978,Balikli,Makarov BS-12,$1,075
79171,Balikli,Makarov BSM-20,$1,075
166443,Norinco,NR-401 Semi-Auto Rifle,$1,075
184002,Balikli,Makarov S-12,$1,075
196833,Balikli,Makarov S-20,$1,075
145419,Century Arms,VZ2008 Sporter,$1,080
147524,Bushmaster,XM15E2S Pistol,$1,080
196277,Ruger,PC Charger,$1,080
142621,Troy Defense,Troy Carbine,$1,090
180942,Stag Arms,Stag-10S,$1,090
133490,Roggio,RA15,$1,095
133491,Roggio,RA15,$1,095
118622,Howa,300,$1,100
127599,Olympic Arms,K8,$1,100
128676,Plainfield Machine,PM30ST,$1,100
128684,Plainfield Machine,PPM30,$1,100
134901,Thureon Defense,SA,$1,100
135883,Kel Tec,SU-16C,$1,100
135884,Kel Tec,SU-16CA,$1,100
136204,Taurus,CT40 G2,$1,100
143607,Aero Precision,X15,$1,100
185102,Black Creek Labs,BCL102B,$1,100
196527,Rhodesian Submachine Gun,R76,$1,100
140989,Sendra Corp,XM15A1,$1,101
125142,Smith & Wesson,M&P 15,$1,105
24385,PWA,Commando,$1,110
24771,PWA,AR15 Commando,$1,110
125544,Rock River Arms,LAR-15 TASC,$1,110
130443,Smith & Wesson,M&P 15R,$1,110
134803,C3 Defense,C3-15,$1,110
196086,Ruger,AR-556 Pistol,$1,110
34009,DPMS,A-15 Panther Classic,$1,120
125628,Bushmaster,BAR-10,$1,120
127431,Socom Manufacturing,BR-15-A6S,$1,120
127687,Blue Line,BL-15LE1,$1,120
194802,Derya Arms,VR60,$1,120
196356,MKA Arms,MKA 1919 Match Pro,$1,120
196396,Husan,MKA 1919 Match Pro,$1,120
24979,Penn Arms,L137,$1,130
122781,CZ,CZH2003 Sport,$1,130
129128,Novohradsky, Petr,FSN-01,$1,130
129129,Novohradsky, Petr,FSN-01K,1,130
138060,Zlatoust,PKSK,$1,130
141520,PPK,KSK,$1,130
143120,Zelanysport,Gazela 58,$1,130
143121,Gazela,Gazela 58,$1,130
144975,PPK,KSK Hunter,$1,130
150126,Rock Island Armory,WR762USA,$1,130
185082,Smith & Wesson,M&P 15 Competition,$1,130
195872,Kodiak Defence,KD200,$1,130
121314,Ohio Ordnance Works,VZ2000,$1,140
121589,Double Star,Star-15 Expedition Rifle,$1,140
121590,Double Star,Star-15 Dissipator,$1,140
131590,Double Star,Star-15 Pistol,$1,140
133218,CMMG,MK-5,$1,140
142865,American Tactical Imports,ATI-15,$1,140
165402,Cobalt Kinetics,BAMF,$1,140
194709,Palmetto State Armory,PX-10,$1,140
194857,Palmetto State Armory,PX9,$1,140
31682,Polish State Arsenals,PM84,$1,150
128720,Iver Johnson,PM30GH,$1,150
129614,SaskSten,Sten MARK 2,$1,150
134202,Palmetto State Armory,PA-15,$1,150
135885,Kel Tec,SU-16D,$1,150
145358,Kel Tec,SU-16E,$1,150
185103,K&M Arms,M17S-C308,$1,150
33422,DPMS,A-15,$1,160
33422,DPMS,A-15,$1,160
121582,Double Star,Star-15 Super Match Rifle,$1,160
128966,LRB Arms,M15SA,$1,160
26473,Ruger,Police Carbine,$1,170
133660,Tactical Machining,TM-15,$1,170
133759,Olympic Arms,K10,$1,170
133760,Olympic Arms,K45,$1,170
136666,Mossberg,MMR Hunter,$1,170
142739,Tactical Machining,TSG-15,$1,170
144104,Moores Machine Company,MMC M4,$1,170
154615,Seekins Precision,SP15,$1,170
125612,Mega Machine Shop,MEGA Gator,$1,180
197387,Grand Power,Stribog RSR9A2,$1,180
31458,Hesse Arms,Omega Match,$1,190
31472,Hesse Arms,HAR15A2 National Match,$1,190
32456,Ruger,Mini-14,$1,190
125599,Stag Arms,Stag-6.8,$1,190
179643,DTI,DTI Lima,$1,195
734,Madsen,Madsen-Ljungman,$1,200
736,Ljungman,Hakim,$1,200
25302,Bullseye Gun Works,M1 Carbine,$1,200
66444,Chinese Service Rifle,Type 63,$1,200
118612,Eagle Arms Division Of Armalite,M15A3,$1,200
119777,Bushmaster,XM15E2S M4,$1,200
119922,Firearms International Incorporated,M1 Carbine,$1,200
122867,CZ,VZ58,$1,200
125237,Rock River Arms,LAR-15 Pistol,$1,200
125479,H&S,M1 Carbine,$1,200
126729,Anvil Arms,AA15,$1,200
127938,Rock River Arms,LAR-9,$1,200
128674,Plainfield Machine,PM30S,$1,200
128677,Plainfield Machine,P30D,$1,200
129501,Aero Precision,AP15,$1,200
130449,Smith & Wesson,M&P 15OR,$1,200
130808,Rock River Arms,LAR-9 Pistol,$1,200
131653,CZ,VZ58,$1,200
136198,Taurus,CT9 G2,$1,200
147802,Thureon Defense,XA,$1,200
162786,EMEI,Type NQU03,$1,200
170242,Franchi,1962 Carbine,$1,200
178762,Aero Precision,M16A4,$1,200
195159,Revolution Armory,Titan K78,$1,200
196401,Wise Lite Arms,KP44 Pistol,$1,200
197106,KCG,RPD Semi-Automatic,$1,200
197506,Rhineland Arms,FG9,$1,205
119393,Olympic Arms,SM1 Servicematch,$1,210
125594,Troy Industries,Troy CQB-SPC,$1,210
133756,Olympic Arms,K74,$1,210
197057,Brownell's,BRN-4,$1,215
1891,Ruger,XGI,$1,220
28694,Lefever,A,$1,220
33447,DPMS,A-15 Panther Bull,$1,220
128231,Ruger,Mini-14 Ranch Rifle NRA Edition,$1,220
131390,Ruger,Mini-14 Ranch Rifle Deluxe,$1,220
133977,Blackheart International,BHI-15,$1,220
124941,Olympic Arms,K9GL,$1,230
129182,Tactical Innovations,T-15,$1,230
145347,Black Forge,BF15,$1,230
152308,Black Forge,BF15,$1,230
195843,Aero Precision,M4 Carbine,$1,230
197385,Grand Power,Stribog SP9A3G,$1,235
91235,Leitner-Wise Rifle,LW15-7.82,$1,240
129060,Smith & Wesson,M&P 15i,$1,240
185843,Grand Power,Stribog SR9A1,$1,240
195726,Radical Firearms,RMR-10,$1,240
117197,Homemade,Single Shot Rifle,$1,245
128405,CZ,CZ858 Tactical-4 V,$1,245
128653,ZM Weapons,LR300AXLT,$1,245
148323,Homemade,BA15,$1,245
526,Iver Johnson,M1 Survival Carbine,$1,250
27456,Universal,2560,$1,250
66408,Chinese Service Rifle,Type 68,$1,250
130590,SaskSten,Sten MARK 1*,$1,250
140979,DPMS,A-15 Panther 300 Blackout,$1,250
185422,K&M Arms,M17S308,$1,250
185423,K&M Arms,M17S556,$1,250
16256,Advanced Armaments Incorporated,M15,$1,270
53497,Olympic Arms,K3B,$1,270
121042,Beretta,Cx4 Storm,$1,270
124940,Olympic Arms,K40GL,$1,270
125318,Smith & Wesson,M&P 15A,$1,270
133661,Tactical Machining,TM308,$1,270
133877,AR Five Seven,AR57A1 PDW,$1,270
165322,Palmetto State Armory,PA-X9 Pistol,$1,270
185722,Alien Armory,UFO-10,$1,270
27047,Universal,Ferret A,$1,275
122799,Bushmaster,Carbon 15 Pistol,$1,280
196838,Quality Arms Idaho,QAB-15,$1,285
33779,DPMS,A-15 Panther Bull Twenty-Four Super,$1,290
117767,Olympic Arms,ML1 Multimatch,$1,290
127459,Remington,R15 VTR,$1,290
132489,Czech Small Arms,SA VZ58 Canadian Sporter 7.62,$1,290
144782,Franklin Armory,SE-SSP,$1,290
146313,BCI Defense,SQS-15,$1,290
150288,Tactical Armz,TA-15,$1,290
176222,CZ,CZ Scorpion EVO 3 S1 Pistol,$1,290
17916,Colt,AR15A2 Match Target Lightweight,$1,300
21473,Kommando Arms Manufacturing,LDP,$1,300
49108,Colt,M4LE,$1,300
106196,US Carbine,M1 Thai Carbine Rework,$1,300
121712,Heckler & Koch,UMP SF,$1,300
121782,MAS,1928,$1,300
135576,Rock River Arms,LAR-40 Pistol,$1,300
136083,CZ,CZ Scorpion EVO 3 S1 Carbine,$1,300
136240,Pioneer Arms Corporation,PPS43-C,$1,300
137036,Thureon Defense,SA Pistol,$1,300
142760,EMEI,T97NSR,$1,300
143622,Hera Arms,HCL9M,$1,300
149118,West Rifle,WR762,$1,300
166343,Kodiak Defence,WR762,$1,300
196227,EMEI,T97NSR-A,$1,300
196908,Maccabee Defense,HFS,$1,300
36507,DPMS,A-15 Panther Carbine,$1,310
119391,Olympic Arms,Bill of Rights Bicentennial Commemorative,$1,310
119859,Olympic Arms,Titanium,$1,310
129531,Olympic Arms,MQ356,$1,310
129678,Olympic Arms,Vietnam Limited Edition Commemorative,$1,310
147605,Troy Defense,Troy Rifle,$1,315
135840,Kel Tec,SU-16F,$1,320
138396,Windham Weaponry,WW-15,$1,320
139218,Smith & Wesson,M&P 15 Magpul,$1,320
150386,Zombie Defense,Z-4,$1,320
191282,Windham Weaponry,WW-PS,$1,320
129401,Stag Arms,Stag-6L,$1,330
133786,Rock River Arms,LAR-15 Operator,$1,330
146834,Windham Weaponry,WW-308,$1,330
121580,Double Star,Star-15 Carbine,$1,340
126734,Spike's Tactical,ST-15,$1,340
20077,Howa,M1 Carbine,$1,350
33984,DPMS,A-15 Panther Prairie,$1,350
121540,HAFDASA,Ballester Rigaud,$1,350
126747,Bushmaster,Carbon 15 Top Loading,$1,350
126895,Bushmaster,XM15E2S M4GP,$1,350
130716,Lake Erie Chemical Company,Tru-Flite,$1,350
140558,Grand Power,SA VZ58 Sporter 7.62,$1,350
143665,AR Five Seven,AR15,$1,350
171562,Next Level Armament,NLX556,$1,350
174462,Springfield Armory,Saint,$1,350
185845,Grand Power,Stribog SP9A1,$1,350
95915,TOZ,TOZ-123,$1,355
158346,American Defense Manufacturing,UIC,$1,355
167402,Spike's Tactical,Jack 10,$1,355
196163,Brownell's,BRN-10,$1,355
196221,Landor Arms,LND-106,$1,355
25190,Armalite,M15A4,$1,360
126738,Bushmaster,XM15E2S V Match,$1,360
145288,Bora Arms,BR99,$1,365
185702,American Defense Manufacturing,UIC-9,$1,365
198430,Ordnance Design Co,ER15,$1,370
1896,Ruger,Mini-14 Ranch Rifle,$1,370
16342,AMAC,M1 Carbine,$1,370
18105,Colt,AR15A2 Sporter Carbine,$1,370
19349,Penn Arms,L140,$1,370
31483,Hesse Arms,M14H,$1,370
33519,Armalite,M15A2,$1,370
34004,DPMS,A-15 Panther Arctic,$1,370
34985,Colt,AR15A2 Match Target Competition HBar 2,$1,370
127604,Olympic Arms,LTF,$1,370
135760,USA Tactical Firearms,USA-15,$1,370
141282,Hogan Manufacturing,H223,$1,370
141840,New Frontier Armory,G-15,$1,370
141841,New Frontier Armory,LW-15,$1,370
189742,Springfield Armory,Saint Pistol,$1,370
195515,New Frontier Armory,C9,$1,370
33812,DPMS,A-15 Panther Bulldog,$1,380
34110,DPMS,A-15 Panther Pump Rifle,$1,380
36498,DPMS,A-15 Panther Kitty Kat,$1,380
117769,Olympic Arms,ML2 Multimatch,$1,380
121341,DPMS,A-15 Panther Carbine M-4,$1,380
121351,DPMS,A-15 Panther VAS Single Shot,$1,380
121454,Double Star,Star-15,$1,380
123177,DPMS,LR-300 Panther,$1,380
127079,DPMS,LR-30S Panther,$1,380
130451,Smith & Wesson,M&P 15X,$1,380
135137,DPMS,A-150 Panther,$1,380
135620,Hera Arms,HLS,$1,380
137178,DPMS,A-15 Panther VRS Single Shot,$1,380
137178,DPMS,A-15 Panther VRS Single Shot,$1,380
140247,Black Dawn,BDR-15,$1,380
145168,Firebird Precision Firearms,FPX-15,$1,380
147543,Adcor Defense,A556 Elite GI,$1,380
121349,DPMS,A-15 Panther Lite,$1,385
127078,DPMS,LR-204 Panther,$1,390
34014,DPMS,A-15 Panther DCM,$1,400
34324,Ruger,Mini-14 GB,$1,400
120819,SIG,SG540,$1,400
131467,Czech Small Arms,SA VZ58 Sporter 5.56,$1,400
144219,Fabrica Militar de Armas Portatiles,FMK5,$1,400
154066,B&T,P26,1,400
159406,Torun Arms,TS H-1,$1,400
185846,Grand Power,Stribog SP9A2,$1,400
195608,Troy Defense,Troy 102,$1,400
197361,Beretta,ARX200,$1,400
199095,Freedom Ordnance,FX-9C,$1,400
152887,Jard,J17,$1,405
46705,Clark Custom Guns,Ruger Mini-14,$1,410
88076,Olympic Arms,K23B,$1,410
117772,Olympic Arms,KPM LE,$1,410
128692,Olympic Arms,ACB,$1,410
175091,Civilian Force Arms,CFA-15,$1,410
177284,Armalite,SPR Mod 2,$1,410
195954,Unknown,M305,$1,410
17158,Bushmaster,XM15E2S,$1,420
24849,Penn Arms,H140,$1,420
31479,Hesse Arms,M14H Brush,$1,430
125048,Rock River Arms,LAR-15 Tactical,$1,430
141484,Rat Worx,M-7,$1,430
144107,MMC Armory,MA-15,$1,430
144315,Colt,M4 Light Carbine,$1,430
168282,AR Five Seven,AR57 LEM,$1,430
178923,Stag Arms,Stag-10,$1,430
185482,Aero Precision,M4E1,$1,430
148830,MOLOT,Vepr-15,$1,440
197253,Barak,BR99,$1,440
1853,Ruger,Mini Thirty,$1,450
2537,Tokarev,SVT 1938,$1,450
2538,Tokarev,SVT 1938,$1,450
2539,Tokarev,SVT 1938,$1,450
62104,Tokarev,SVT 1938,$1,450
128661,Universal,M1 Carbine 40th Anniversary Commemorative,$1,450
182651,Jard,J56,$1,450
195944,Alpha Wolf,PCC,$1,450
197051,True North Arms,Ros-1,$1,450
196360,Cadex,CDX-Goro,$1,457
197448,Sterling Arms International,SAI Sporter,$1,457
17922,Colt,AR15A2 Match Target HBar,$1,460
117759,Olympic Arms,UM1 Ultramatch,$1,460
133152,Eagle Arms Division Of Armalite,M15P,$1,460
137406,Loki Weapon Systems,LWSF,$1,460
147182,Phase 5 Tactical,P5T15 CQC Pistol,$1,460
34996,Colt,AR15 9MM Carbine,$1,470
85615,Rock River Arms,LAR-15,$1,470
129416,Ruger,SR556,$1,470
135621,Hera Arms,HCL,$1,470
137657,Proarms Armory,Par MARK 3,$1,470
158929,Quartercircle10,GLF,$1,470
165106,Noreen Firearms,Noreen BN308,$1,470
170082,Uzkon,UNG-12,$1,470
739,Mauser,1915 Automatic Rifle,$1,475
33384,Armalite,M15A4 T,$1,480
132047,Smith & Wesson,M&P 15PS,$1,480
190662,Lithgow Arms,F90S 508,$1,480
123590,Al Gi Mec,AGM1,$1,485
29567,Mauser,1908 Brazilian Rifle,$1,490
123599,CZ,CZ858 Tactical-2,$1,490
138377,Remington,LRP-07,$1,490
154726,Specialized Tactical Systems,SX3,$1,490
180883,Troy Defense,Troy M4A1 SOCC,$1,490
194622,Alberta Tactical Rifle,Modern Sporter,$1,490
197384,Grand Power,Stribog SP9A3,$1,490
197386,Grand Power,Stribog SP9A3S,$1,495
21305,Plainfield Machine,M1 Carbine,$1,500
26851,McDuffee Arms,15-Mar,$1,500
29635,McDuffee Arms,MLR308,$1,500
33776,DPMS,A-15 Panther Bull Twenty-Four Special,$1,500
64204,TNW,Browning M1919A4,$1,500
124010,Auto Ordnance,M1 Carbine,$1,500
125235,Beretta,Rx4 Storm,$1,500
126512,Vulcan Armament,V50SS,$1,500
133175,Cavalry Arms,CAV-15 MARK 2,$1,500
133493,Delaware Machinery,AR15,$1,500
139614,Motiuk Manufacturing,MRC-15,$1,500
141381,Derya Arms,MK10,$1,500
146276,Lever Arms,LA-K12 Puma,$1,500
169042,Jard,J67,$1,500
186062,Standard Manufacturing,SKO,$1,500
196276,Spectre Ltd,WS-MCR,$1,500
197368,Poly Technologies,Type 81SR,$1,500
127970,DPMS,LR-6.5 Panther,$1,510
135018,Armalite,SPR Mod 1,$1,510
144085,BPM,BP15,$1,510
15702,Maxim Firearms,B7075,$1,520
18357,United Defense,S7,$1,520
20600,Luvo,BL-15LE,$1,520
20602,Luvo,LA-15,$1,520
21304,Palmetto Armory,BH15A1,$1,520
24384,Jard,J15,$1,520
24934,SGW,AR15A1,$1,520
24935,SGW,XM15A1,$1,520
26230,Rock Island Armory,XM15E2,$1,520
26231,SGW,AR15,$1,520
26232,SGW,AR15A2,$1,520
26233,SGW,CAR15,$1,520
26234,SGW,CAR15 AR,$1,520
26236,SGW,Ultra Match Rifle,$1,520
53499,SGW,K3B,$1,520
70910,Rock Island Armory,M15A1,$1,520
86606,M2,M16C,$1,520
86607,M2,M16SP,$1,520
86608,M2,M16X,$1,520
86609,M2,M16Z1,$1,520
86610,M2,M4N,$1,520
86611,M2,Patrol,$1,520
118802,America Remembers,Colt AR15A2 Match HBar Vietnam Commemorative,$1,520
119769,Armscorp,AC-15,$1,520
121527,Shooting Edge,OA15,$1,520
121736,Oberland Arms,OA15,$1,520
124263,ShoeLess Ventures,FAB10,$1,520
124379,Armitage International,BR-15-A6S,$1,520
124676,RND,Edge,$1,520
125562,Web Arms,WA-15,$1,520
125584,Wilson Tactical,WT-15,$1,520
125708,CLE,MR15,$1,520
127817,Dow,FAL-15,$1,520
127845,Imperial Defence Services,M16A3,$1,520
128463,Oberland Arms,OA10,$1,520
128499,Safir,T14,$1,520
128693,Sabertooth Defence,M4,$1,520
128804,Luvo,BL-15LE1,$1,520
128969,Alberta Tactical Rifle,AT15,$1,520
129069,DTI,DTI-15,$1,520
129152,Knights Armament Company,PDW,$1,520
129259,Socom Firearms Corporation,Recon AR15,$1,520
129379,Armtech,X,$1,520
129505,Red River Tactical,RRT-TAC15,$1,520
129513,Six Sigma Arms,P18-32,$1,520
129518,SMOS,SM-15,$1,520
129521,SMOS,Rogue-15,$1,520
129988,Lone Wolf R & D,LWD-AR9G Pistol,$1,520
129992,Lone Wolf R & D,LWD-AR9G,$1,520
131657,Poly Technologies,Type CQ-A Semi-Automatic Rifle,$1,520
132377,Jager,AP74,$1,520
133278,Gun Room Company,Noreen Bad News,$1,520
133441,Desert Ordnance,XM4 Rifle,$1,520
133442,Kaiser Defense,Calguns.Net,$1,520
133445,Kaiser Defense,KR5,$1,520
133446,Kaiser Military Technologies,KR7,$1,520
133449,JD Machine,PR3,$1,520
133451,Rocky Point Guns,LE15,$1,520
133460,Spirit Gun Manufacturing Company,SGM9,$1,520
133485,Holland Gunworks,HGW15,$1,520
133657,JC Weaponry,JC Weaponry,$1,520
133722,NoDak Spud,NDS-16A1,$1,520
133723,NoDak Spud,NDS-601,$1,520
133724,NoDak Spud,NDS-635,$1,520
133823,McKay Enterprises,RM16A2,$1,520
134596,Schmeisser,AR15,$1,520
134801,Stillers Precision Firearms,Predator XT,$1,520
134882,American Precision Arms,A15,$1,520
135758,Spartan Precision,SP15,$1,520
135762,Dennys Guns,DG-AR16,$1,520
136808,NoDak Spud,NDS-XM16E1,$1,520
139299,Magpul Armament,MPLA,$1,520
140903,Elite Machining,GRX15,$1,520
140920,Interarms,ISA-15,$1,520
141218,NoDak Spud,NDS-16A2,$1,520
141240,Canstar Arms,AR 338 Lapua,$1,520
141521,Addax Tactical,AT-15,$1,520
141522,Addax Tactical,ADDAX-ZK,$1,520
141527,AR15 Chatterbox,CB-15,$1,520
141530,Vidalia Police Supply,VPS-15,$1,520
141532,Conquest Arms,CA-15,$1,520
141540,Territorial Gunsmiths,SLR15,$1,520
141541,Performance Engineering,SOT-15,$1,520
141600,Special Ops Tactical,SO15,$1,520
142065,Iron Ridge Arms,IRA-10D,$1,520
142801,SMOS,Rogue-SS,$1,520
142801,SMOS,Rogue-SS,$1,520
142805,Alamo Tactical,AT-15,$1,520
143080,Red Stag Technologies,Red Stag,$1,520
143383,Manta Machining,PA15,$1,520
143384,Manta Machining,JH 308-F2,$1,520
143419,Northtech Defense,NT15S,$1,520
143421,MGO,Zombie,$1,520
143422,Dane Armory,DAR-15,$1,520
143562,UT Arms,GEN-1AR,$1,520
143567,CMT,LT-15,$1,520
143572,Centurion Tactical,CT-15,$1,520
143589,RGM Incorporated,Marksman,$1,520
143659,Talon Arms,TA-15,$1,520
143661,Grande Armeria Camuna (GAC),GAC-15,$1,520
144064,Bartlett Enterprises,1202009,$1,520
144089,Tom Sawyer,M4-Z1,$1,520
144090,Tom Sawyer,Jolly Roger,$1,520
144101,EDs Tactical Armory,2A,$1,520
144117,AR15.Com,ARFCOM,$1,520
144118,AR15.Com,AR15.Com,$1,520
144125,SWAT Firearms,SF-15,$1,520
144503,Black Rifle Company,BRC15B,$1,520
144536,RGuns,TRR15,$1,520
144539,RGuns,TRR15 Pistol,$1,520
144546,WMA,WMA-15,$1,520
144607,Black Weapons Armory,BWA-15,$1,520
144625,Battle Rifle Company,BR16,$1,520
144626,Battle Rifle Company,BR308,$1,520
144659,Wolverine Tactical Firearms,WT-15,$1,520
144660,Wolverine Tactical Firearms,WAR-15,$1,520
144685,GT Virtual Concepts,GT15,$1,520
144687,Sniper Central,SI-C,$1,520
144688,Joe Firearms,JOE-15,$1,520
147566,Battle Rifle Company,BR15,$1,520
147947,Defiance Machine,XG14,$1,520
148701,Airtronic,DMR,$1,520
148719,Area 53,El Jefe,$1,520
148953,Jesse James Firearms Unlimited,M4 Carbine,$1,520
149318,Century International Arms,Centurion 15 Sporter,$1,520
150168,S&J Hardware,SJ-15,$1,520
153946,Intrepid Tactical Solutions,RAS-12,$1,520
155486,GPI Manufacturing,SLR15,$1,520
155811,Dynamic Arms Research (DAR),DAR-15,$1,520
155812,Dynamic Arms Research (DAR),DAR-10,$1,520
159286,Breda,B4,$1,520
161266,SFRC,SFRC-15,$1,520
162347,Calguns,AR15,$1,520
164484,LEI,LM7,$1,520
164943,Safir,T12,$1,520
165182,Rise Armament,Ripper,$1,520
166166,V Seven Weapons,GI Seven,$1,520
167002,Area 53,El Capitan,$1,520
168562,Mil-Sport,AR15,$1,520
168563,Mil-Sport,AR15 Pistol,$1,520
169062,Kodiak Defence,Kodiak-15,$1,520
169063,Kodiak Defence,Kodiak-39,$1,520
171683,Combat Shooters,BMF,$1,520
171702,Royal Arms,Rak15,$1,520
172702,Defiance,DMK22,$1,520
177823,Black Leaf Industries,BL15,$1,520
178025,Black Leaf Industries,BL10,$1,520
178623,Rock Island Armory,XM15,$1,520
179442,Hayes Custom Guns,H15,$1,520
179462,Black Leaf Industries,BL10B Prototype,$1,520
182343,Irunguns,Anarchy,$1,520
182542,ISSC,PAR223 Delta,$1,520
183302,Kodiak Defence,JTF2 Silver Edition,$1,520
183822,Haenel,CR223,$1,520
183882,Delphi Tactical,Delphi-15,$1,520
185523,Ascend Armory,A15,$1,520
187042,Gunwerks,WY15,$1,520
188282,Angstadt Arms,JACK9,$1,520
190324,Haenel,CR308,$1,520
191265,Juggernaut Tactical,JT-10,$1,520
191266,Juggernaut Tactical,JT-15,$1,520
192245,Arms East,N8S,$1,520
193222,MKE,KNT-76,$1,520
193402,Schmeisser,MR-BA19,$1,520
193502,Revolution Armory,AR-410,$1,520
194204,Nemesis Arms,11X10,$1,520
194712,True North Arms,TNA-15,$1,520
195100,Iron City Rifle Works,IC-15,$1,520
195471,MVB Industries,MVB-15F,$1,520
195634,Sterling Arms,SAI 102,$1,520
195882,Kodiak Defence,KD9,$1,520
195898,Tech Designs,AR-15,$1,520
195907,E3 Arms,Omega-15,$1,520
195941,Iron City Rifle Works,IC-9,$1,520
195974,EP Armory,AR15/M16 Type,$1,520
196002,Kodiak Defence,KD15,$1,520
130447,Smith & Wesson,M&P 15VTAC,$1,525
135377,Smith & Wesson,M&P 15TS,$1,525
152986,Double Star,Star-15 C3,$1,525
195889,FN,FN15 Pistol,$1,525
124091,Bushmaster,Bushmaster 308,$1,530
158087,Ares Defense Systems,SCR,$1,530
189043,Armed,SF12,$1,530
125545,Rock River Arms,LAR-15 Elite,$1,540
133796,Rock River Arms,LAR-40,$1,540
180882,Troy Defense,Troy M16A2 Mogadishu,$1,540
196082,Springfield Armory,Saint Victor,$1,540
117781,DPMS,A-15 Panther Tactical,$1,550
121588,Double Star,Star-15 CritterSlayer,$1,550
125559,LUSA,LUSA A2,$1,550
147862,Jard,J48,$1,550
148827,Tokarev,KO-SVT,$1,550
149886,K&M Arms,M17S-C,$1,550
182582,Jard,J68,$1,550
185844,Grand Power,Stribog SR9A2,$1,550
189606,Trojan Firearms,TFA-PCC9G,$1,550
133658,Xtreme Machining,XR15,$1,560
139060,Head Down,HD-15,$1,560
141283,Hogan Manufacturing,H-415,$1,560
141284,Hogan Manufacturing,H-416,$1,560
152988,Double Star,Star-15 3GR,$1,565
18102,Colt,AR15A2 Sporter HBar,$1,570
126142,Rock River Arms,LAR-15 Coyote,$1,570
126144,Rock River Arms,LAR-15 Predator Pursuit,$1,570
133259,Rock River Arms,LAR-15 ATH,$1,570
141486,Kiss Tactical,KISS-15,$1,570
141487,Kiss Tactical,K-15SE,$1,570
146572,FN,FN15,$1,570
147622,Core,Core-15,$1,570
152307,Core,Core-15,$1,570
119776,Bushmaster,XM15E2S Varminter,$1,580
127613,Ruger,Mini-14 Ranch Rifle LET,$1,580
135759,Sun Devil,AR15 Pistol,$1,580
141607,Rock River Arms,LAR-15LH,$1,580
153327,Palmetto State Armory,PA-10,$1,580
170845,F-1 Firearms,FDR-15 CA,$1,580
196063,CZ,CZ Scorpion EVO 3 S2 Pistol Micro,$1,580
63944,Armscorp,US Rifle M14,$1,590
67394,La France Specialties,M16K,$1,590
125141,Smith & Wesson,M&P 15T,$1,590
127077,DPMS,LR-260 Panther,$1,590
136880,SIG Sauer,SIG M400,$1,590
195914,Radical Firearms,SM2000,$1,590
25438,Colt,AR15A3 Tactical Carbine,$1,600
133578,Czech Small Arms,SA VZ58 Sporter 7.62,$1,600
145026,Czech Small Arms,SA VZ58 Sporter 7.62,$1,600
179902,Black Creek Labs,BCL102,$1,600
186562,Derya Arms,MK10 Gen 2,$1,600
118013,Cobra,MARK 1 Carbine,$1,615
120476,Cobra,MARK 2 Carbine,$1,615
34192,Ruger,No 1,$1,620
34988,Colt,CAR15A3 HBar Elite,$1,620
124559,Alexander Arms,AAR15 Grendel Overwatch,$1,620
142622,Troy Defense,Troy M4A1 Carbine,$1,620
143201,Advanced Armament Corporation,MPW,$1,620
168942,Brownell's,BRN-16A1,$1,620
196585,Black Creek Labs,SRV2 Siberian,$1,625
127934,Rock River Arms,LAR-458,$1,630
129751,STI International,AR15 Custom Rifle,$1,630
133464,BCM Rifle Company,M4A1,$1,630
142980,Smith & Wesson,M&P 10,$1,630
124947,Stag Arms,Stag-15,$1,635
117783,Eagle Arms Division Of Armalite,AR-10,$1,640
125590,Sun Devil,SD15,$1,640
128272,Socom Firearms Corporation,Stubby ARC,$1,640
141605,Rock River Arms,LAR-47,$1,640
160426,Diamondback Firearms,DB-308,$1,640
177984,Black Rain Ordnance,SPEC15,$1,640
179963,Black Creek Labs,BCL15 Pistol,$1,640
18183,Colt,M4 Carbine Match Target,$1,650
119837,Rock River Arms,LAR-15 Varmint,$1,650
133585,Winchester,SX-AR,$1,650
34530,Federal Ordnance,M14SA US Rifle,$1,660
49107,Colt,Colts Law Enforcement Carbine,$1,660
130448,Smith & Wesson,M&P 15FT,$1,660
131671,Thompson Machine,ARSSL,$1,660
133197,American Spirit Arms,ASA15 Pistol,$1,660
141292,CMMG,MK-4,$1,660
142459,Ruger,SR556 VT,$1,660
178302,Savage,MSR-15,$1,660
166182,Arms East,VZN-58,$1,670
177184,Dark Storm Industries,DS-15,$1,670
195943,Live Free Armory,LF-10,$1,670
125549,Rock River Arms,LAR-15 National Match,$1,680
126666,Ruger,Mini-14 Ranch Target Rifle,$1,685
30152,Weatherby,Classic MARK 1,$1,690
31865,Springfield Armory,US Rifle M1A-A1 Bush Rifle,$1,690
127351,Serbu,RN-50,$1,690
128962,MGI,Marck 15,$1,690
158930,Quartercircle10,GSF,$1,690
166282,Stoner,SR-30,$1,690
177744,Aero Precision,P-15 PEW,$1,690
185825,Brownell's,BRN-601,$1,690
127616,Ruger,Mini-14 Ranch Rifle LE,$1,695
197182,SLR Rifleworks,SLR-B30,$1,695
2570,CZ,VZ52,$1,700
118033,CZ,VZ52,$1,700
120645,Special Weapons,Omega 760,$1,700
142221,Anderson Manufacturing,AM-10,$1,700
145651,Czech Small Arms,SA VZ61 Combat,$1,700
189928,Czech Weapons,CSV-9,$1,700
196613,Black Creek Labs,SRV2 Badger,$1,700
196688,Kodiak Defence,K9,$1,700
197240,Xtreme Gun,WX-MCR,$1,700
48288,JP Enterprises,JP-15 Tactical/SOF,$1,710
127966,DPMS,A-15 Panther Pardus,$1,710
146329,Rock River Arms,LAR-15 R3 Competition,$1,710
148230,AdeQ Firearms,L-Tac,$1,710
125610,Mega Machine Shop,MEGA MMS,$1,720
129800,CMMG,MK-9,$1,720
133639,Mega Machine Shop,MEGA GTR-3S,$1,720
133640,Mega Machine Shop,MEGA GTR-MA-Ten,$1,720
133643,Mega Machine Shop,MEGA Pistol,$1,720
133644,Mega Machine Shop,MEGA MG-XTR,$1,720
142964,Kriss,Kriss Vector SDP,$1,720
158226,PWS,MARK 1 Modern Musket,$1,720
158227,PWS,MARK 1 Modern Musket Pistol,$1,720
135098,DPMS,A-15 Panther LBR Carbine,$1,725
85855,Rock River Arms,LAR-15 Law Enforcement,$1,730
125045,Rock River Arms,LAR-15/9MM,$1,730
126145,Rock River Arms,LAR-15 DEA,$1,730
127936,Rock River Arms,LAR-6.8,$1,730
138196,Rock River Arms,LAR-6,$1,730
122035,Fulton Armory,FAR-15,$1,740
128273,Socom Firearms Corporation,Diplomat,$1,750
145169,Firebird Precision Firearms,FPX-15 Pistol,$1,750
154751,TNW,SDI Pistol,$1,750
156646,Olympic Arms,MPR 308-15,$1,750
196206,NoDak Spud,NDS-18SC,$1,750
197053,Black Creek Labs,SLR Coyote,$1,750
18112,Colt,AR15 Sporter,$1,760
91255,Leitner-Wise Rifle,LW15-499,$1,760
124566,Alexander Arms,AAR15 Beowulf Overwatch,$1,760
141259,Hogan Manufacturing,H-308,$1,760
143542,SI Defense,SI-C,$1,760
129238,Colt,M4 Carbine,$1,765
141969,Colt,M4 Carbine,$1,765
133417,Thor,TR15 Carbine,$1,770
126518,Sport Systeme Dittrich,BD38,$1,775
121591,Double Star,Star-15 Target Rifle,$1,780
180944,SIG Sauer,SIG M400 Elite,$1,780
187142,Remington,R25 G2,$1,780
128868,Penn Arms,L6,$1,790
140502,D-Technik,SA VZ58 Sporter 7.62,$1,790
29960,CZ,VZ52/57,$1,800
36972,Holloway Arms,7,$1,800
118036,CZ,VZ52/57,$1,800
124563,Bohica,M16SA,$1,800
126520,Sport Systeme Dittrich,BD3008,$1,800
127968,DPMS,LR-338 Panther,$1,800
129507,SI Defense,SI AR-15,$1,800
129508,SI Defense,SI AR-15,$1,800
129510,SI Defense,SI-HK,$1,800
137289,Centurion Arms,C4,$1,800
151386,Norinco,313,$1,800
154728,Colt,AR-15A4,$1,800
164327,Tomahawk,G5,$1,800
164334,Tomahawk,SA19,$1,800
166262,Excel Arms,X-9R,$1,800
197310,Tigris Arms,XT-12CL500R,$1,800
197376,Beretta,PMXS,$1,800
197554,Crusader Arms,Sentinel,$1,800
125570,Global Tactical,GTAR15,$1,810
134299,YHM,YHM-15,$1,810
138859,Mega Arms,MEGA GTR-3S,$1,810
145321,Enfield Rifle Company,MERC415,$1,810
154750,TNW,SDI,$1,810
159566,Angstadt Arms,AA-0940,$1,810
175163,Diamondback Firearms,DB-10,$1,810
185826,Brownell's,XBRN16E1,$1,810
196028,Lead Star,LSA9,$1,810
196258,Diamondback Firearms,DB-10,$1,810
126733,Bushmaster,XM15E2S Predator,$1,820
135206,Colt,M4 Carbine Sporter,$1,820
141739,Lancer Systems LP,L15,$1,820
189622,Trojan Firearms,PRO9V1,$1,820
165247,CMMG,MK-47 Pistol,$1,825
144741,Troy Defense,Troy Northern Guard,$1,830
186163,CMMG,MkG-45,$1,840
1905,Egyptian Service Rifle,Rashid,$1,850
36976,Holloway Arms,7 Carbine,$1,850
117777,DPMS,A-15 Panther Race Gun,$1,850
119555,Armalite,AR-180B,$1,850
127137,Smith & Wesson,M&P 15PC,$1,850
129509,SI Defense,SI-D,$1,850
133492,Olympic Arms,SM1P Servicematch,$1,850
141610,Rock River Arms,LAR-15 Hunter,$1,850
128083,B&T,GL06,$1,860
185242,Lantac,LA-SF15,$1,860
123420,CZ,CZ550 Safari Classic Magnum,$1,865
126813,Prechtl, Gottfried,Mauser 98 Safari,$1,865
164862,Mega Arms,GTR-3H,$1,865
169222,Tresna Defense,Tresna JAG9G,$1,865
169442,Tresna Defense,Tresna JAG9G,$1,865
175044,Astra Arms,MG556,$1,865
181822,Maccabee Defense,SLR-MULTI,$1,865
188284,MBX,Pro Series PCC,$1,865
195518,KE Arms,KE-9,$1,865
141599,Colt,M4A1 Carbine,$1,870
134481,Rock River Arms,LAR-PPS,$1,880
34973,Colt,AR15A2 Sporter Match Target Competition HBar,$1,890
126678,PMP,NTW,$1,890
126678,PMP,NTW,$1,890
128702,Watsons Weapons,50,$1,890
165303,Adams Arms,Multical,$1,890
188963,Adams Arms,AASF-308,$1,890
127727,Kriss,Kriss Vector CRB/SO,$1,895
142968,Kriss,Kriss Vector CRB,$1,895
17473,Colt,AR15,$1,900
17919,Colt,AR15A2 Sporter Delta HBar,$1,900
18098,Colt,AR15A2,$1,900
18107,Colt,AR15 Match HBar,$1,900
18381,Colt,M16A2 Carbine,$1,900
19712,Inland Manufacturing,M1 Advisor,$1,900
24290,National Ordnance,M1 Carbine,$1,900
25437,Colt,AR15A2 Match Target Target Model,$1,900
25439,Colt,AR15A3 Match Target Competition HBar,$1,900
25442,Colt,AR15A2 Sporter Match Target Competition HBar 2,$1,900
33585,Armalite,AR-10A2,$1,900
34712,Colt,AR15A2 Sporter Match Target Lightweight,$1,900
34967,Colt,AR15A2 Government Target,$1,900
34968,Colt,AR15A2 Sporter Match Target HBar,$1,900
34972,Colt,AR15A2 Match Delta HBar,$1,900
34980,Colt,AR15A2 Sporter Competition HBar Range Selected,$1,900
34998,Colt,AR15A2 Carbine,$1,900
44865,Colt,M16A2,$1,900
83232,Colt,SMG,$1,900
122265,Valkyrie Arms,Sten MARK 2 SA,$1,900
125652,Colt,C7CT,$1,900
125658,Colt,C7A1,$1,900
125659,Colt,C7A2,$1,900
134561,Rock River Arms,LAR-PDS,$1,900
135565,Rock River Arms,LAR-PDS,$1,900
146319,Valkyrie Arms,M3A1 Pistol,$1,900
147634,DPMS,G2,$1,900
147691,Kel Tec,RMR30,$1,900
150246,Midwest Industries,MI-15F,$1,900
150247,Midwest Industries,MI-15F,$1,900
174524,Colt,AR15A4 Lightweight LE Carbine,$1,900
189722,Colt,AR15 Target Model,$1,900
197858,Colt,M5,$1,915
15431,Recoilless Rifle,Pansarskott M68 Miniman,$1,920
16150,Recoilless Rifle,Type 65,$1,920
16829,Recoilless Rifle,RGW 90,$1,920
16998,Recoilless Rifle,M136 AT4,$1,920
18533,Recoilless Rifle,FMK1 105MM,$1,920
18534,Recoilless Rifle,M40A1,$1,920
18535,Recoilless Rifle,Type 78,$1,920
119826,MK Specialties,M14A1 Semi-Automatic,$1,920
127323,Recoilless Rifle,AT4,$1,920
127846,Imperial Defence Services,MG4A5,$1,920
129075,Recoilless Rifle,B-10,$1,920
129183,Tactical Innovations,T-15BDX,$1,920
130869,Spike's Tactical,SLP-15 Pistol,$1,920
131652,DPMS,A-15 Panther CSAT,$1,920
133461,Spirit Gun Manufacturing Company,SGM9P,$1,920
164542,Recoilless Rifle,RGW 60,$1,920
164664,Recoilless Rifle,M18A1,$1,920
164682,Recoilless Rifle,M18A1,$1,920
164683,Recoilless Rifle,Type 36 M18A1 Recoilless Rifle Copy,$1,920
164704,Recoilless Rifle,M40A1,$1,920
164705,Recoilless Rifle,M40A1,$1,920
164722,Recoilless Rifle,Folgore,$1,920
164723,Recoilless Rifle,Folgore,$1,920
164726,Recoilless Rifle,M40A1,$1,920
164727,Recoilless Rifle,M40A1,$1,920
164729,Recoilless Rifle,M60A,$1,920
164730,Recoilless Rifle,M60,$1,920
164742,Recoilless Rifle,M65,$1,920
170104,Recoilless Rifle,SPG-9,$1,920
170142,Recoilless Rifle,SPG-9,$1,920
177504,Troy Defense,Troy M7A1 PDW Carbine,$1,920
180002,Spike's Tactical,Meanstreak,$1,920
147583,Troy Defense,Troy Proctor Carbine,$1,925
154572,Sarsilmaz,SAR 223C,$1,927
148829,Remington,R4,$1,930
17921,Colt,AR15A2 Sporter Competition HBar,$1,940
63969,Poly Technologies,M14 Semi-Automatic,$1,940
127076,DPMS,LR-243 Panther,$1,940
129524,Poly Technologies,M305,$1,940
131835,TNW,SGP15,$1,940
44005,Armalite,AR-10B,$1,950
139704,Black Rain Ordnance,Fallout 10,$1,950
143584,Patriot Defense Arms,PDA-15,$1,950
149866,Kel Tec,RDB,$1,950
189643,Trojan Firearms,ULV1,$1,950
195761,Matrix Aerospace,M762-D,$1,950
68107,Mauser,Sporter,$1,960
141524,Quentin Defense,QD-15,$1,960
141525,Quentin Defense,SBR,$1,960
141526,Quentin Defense,ZRT,$1,960
193642,Sharps Bros,The Jack,$1,960
124561,Alexander Arms,AAR15 Genghis,$1,970
147180,Phase 5 Tactical,Atlas One,$1,970
197468,BG Defense,M4 Type-A,$1,970
127847,Imperial Defence Services,MG4A6,$1,975
161966,Savminter Enterprises,Victor,$1,975
175224,Fort Discovery,Expedition,$1,975
144601,AdeQ Firearms,Venator,$1,980
166062,2 Vets Arms,2VA-10,$1,980
191002,Radical Firearms,RM-15,$1,980
196562,Lockhart Tactical,Raven,$1,990
62084,Breda,PG,$2,000
89455,Valkyrie Arms,M3A1,$2,000
130531,Globe Firearms,Mohawk,$2,000
147163,Colt,SA15.7,$2,000
181762,Sten,MARK 2 Longbranch Copy,$2,000
197470,Kel Tec,RDB-C,$2,000
127937,Rock River Arms,LAR-8,$2,020
128112,Spike's Tactical,ST-22,$2,020
133480,Spike's Tactical,CJ15,$2,020
157506,Spike's Tactical,Warthog,$2,020
167042,Warrior,Warrior Tactical Shotgun,$2,020
136547,Heckler & Koch,HKM320,$2,030
149711,Franklin Armory,F17-V4,$2,030
187802,Nordic Components,NC-PCC,$2,030
15355,Ruger,Mousqueton AMD-5.56,$2,035
126166,Remington,XM110,$2,035
128667,SOG Armory,SOG Tactical,$2,035
33458,DPMS,A-15 Panther Bull Twenty-Four,$2,040
33818,DPMS,A-15 Panther Bull Sixteen,$2,040
188264,PWS,PCC9,$2,040
189662,PWS,PCC9,$2,040
125781,Farquhar & Hill,Farquhar & Hill Rifle,$2,045
33592,Armalite,AR-10A4,$2,050
149190,Alexander Arms,AAR17,$2,050
158848,POF,P-15,$2,050
125287,Armalite,M15,$2,060
133219,Armalite,AR-10 Magnum,$2,060
144080,TKS Engineering,AR15HD,$2,060
161646,Armalite,AR-102 Sporter,$2,060
161652,Armalite,AR-10 KLM,$2,060
185743,Armalite,M15,$2,060
71932,Heckler & Koch,USC,$2,070
194814,Rock River Arms,LAR-8M,$2,070
128644,Olympic Arms,UM1P Ultramatch,$2,080
133398,PWS,MARK 1,$2,080
177502,Troy Defense,Troy M7A1 CQB,$2,080
48505,Diemaco,R7,$2,090
162586,Battle Arms Development,BAD-15,$2,090
179645,DTI,DT10,$2,090
190322,Glarner Waffen,SPC-A2,$2,090
193662,Sharps Bros,Hellbreaker,$2,090
733,Ljungman,AG42B,$2,100
735,Ljungman,AG42B,$2,100
2540,Tokarev,SVT 1940,$2,100
2542,Tokarev,SVT 1940,$2,100
54485,Tokarev,SVT 1940,$2,100
134797,PWS,MARK 1 Pistol,$2,100
135574,Rock River Arms,LAR-8 Operator,$2,100
143581,Beretta,ARX100,$2,100
48247,JP Enterprises,JP-15 IPSC Limited Class,$2,110
156868,Devil Dog Arms,DDA-15B,$2,110
156870,Devil Dog Arms,DDA-15B,$2,110
124562,Alexander Arms,AAR15 Grendel,$2,120
197036,Griffin Armament,MK1,$2,125
141221,FN,FNX-01,$2,130
152186,Alexander Arms,AAR15,$2,140
126415,Leitner-Wise Rifle,LW15-5.56CP,$2,145
132638,Bushmaster,LR-308,$2,145
147770,SIG Sauer,SIG PM400,$2,145
151986,Ruger,AR556,$2,145
157447,Grey Ghost Precision,Specter Heavy,$2,145
185642,Alien Armory,AA9G,$2,145
185682,Alien Armory,AAB-15,$2,145
121656,Alexander Arms,AAR15 Beowulf,$2,150
126284,DPMS,A-15 Panther 20th Anniversary,$2,150
144780,Franklin Armory,HSC-15,$2,150
147181,Phase 5 Tactical,Atlas One Pistol,$2,150
164374,Tomahawk,SA1900,$2,150
130627,Les Baer Custom,Police Special,$2,160
141528,Blackwater,BW-15,$2,160
142967,Kriss,Kriss Vector SBR,$2,175
143210,Kriss,Kriss Vector SBR/SO,$2,175
131648,DPMS,A-15 Panther The Agency,$2,180
144560,VC Defense,VC-15,$2,180
144561,VC Defense,VC-15,$2,180
145697,Olympic Arms,UMAR,$2,180
142146,Adcor Defense,B.E.A.R.,$2,190
144375,Colt Competition,CSR Sporting,$2,190
147168,Colt,SA20,$2,190
173322,Quartercircle10,GSF Pistol,$2,190
154126,Bushmaster,BR-308,$2,200
162466,BS Ordnance,Sten MARK 3,$2,200
196092,Chiappa Firearms,CBR-9R,$2,200
196840,B&T,GHM-320,$2,200
197560,Chiappa Firearms,CBR-9,$2,200
122359,Diemaco,C7CT,$2,205
126420,Leitner-Wise Rifle,LW15-5.56SFODA,$2,205
133416,Thor,TR15 CQB Carbine,$2,205
44825,Colt,AR15A2 Sporter Match HBar,$2,210
125588,Titusville Armory,TA-15,$2,210
137522,Ambush Firearms,A11,$2,220
147079,SIG Sauer,SIG MPX Pistol,$2,220
163146,Faxon Firearms,ARAK-21 XRS,$2,220
31877,Springfield Armory,US Rifle M1A,$2,230
126881,Accuracy Systems,A-15 Custom Edition LR Tech Tactical,$2,240
127744,Bushmaster,XM15E2S 450 Bushmaster,$2,240
132917,American Historical Foundation,Federal Ordnance M14 US Rifle Vietnam War Commemorative,$2,240
164332,Tomahawk,W12,$2,250
164337,Tomahawk,W11,$2,250
196484,Kriss,Kriss Vector 22 CRB,$2,250
196545,Kriss,Kriss Vector 22 SBR,$2,250
26237,SGW,CAR40,$2,260
133638,Mega Machine Shop,MEGA GTR-3H,$2,260
147633,Troy Defense,Troy M7A1 Carbine,$2,260
152726,2 Vets Arms,2VA-15,$2,260
161767,CQ,Type CQ-A Semi-Automatic Rifle,$2,260
166142,Unik,Alpha,$2,260
184430,JP Enterprises,GMR15,$2,260
136297,Fulton Armory,FAR-308,$2,270
156871,Devil Dog Arms,DDA-10B,$2,270
87296,Olympic Arms,CAR15 AR,$2,280
178303,Savage,MSR-10,$2,280
120443,Sabre Defence Industries,XR15,$2,290
129496,Sabre Defence Industries,XR10,$2,290
133170,Sabre Defence Industries,SR-15,$2,290
142347,Colt Competition,CCR Competition,$2,290
152346,Black Rain Ordnance,Fallout 15 Pistol,$2,295
129967,Daniel Defense,M4 Carbine,$2,300
153447,M+M,M10X,$2,300
164329,Tomahawk,G3,$2,300
182762,Kodiak Defence,WK180C,$2,300
196687,Kriss,Kriss Vector 22 SDP,$2,300
197367,Crusader Arms,Crusader 9,$2,300
90516,Wilson Combat,AR15 M4,$2,310
147179,Phase 5 Tactical,P5T15,$2,310
147179,Phase 5 Tactical,P5T15,$2,310
157446,Grey Ghost Precision,Specter Light,$2,310
189324,ZEV Technologies,ZEV-FL,$2,310
154814,Troy Defense,Troy M5,$2,315
133456,Black Rain Ordnance,Fallout 15,$2,320
144305,Black Rain Ordnance,Fallout 15,$2,320
194726,Spike's Tactical,Spartan,$2,320
195337,Gilboa,Snake,$2,320
31325,ZM Weapons,LR300SR,$2,330
31349,ZM Weapons,LR300ML,$2,330
119327,Dlask Arms,DAP601,$2,330
119345,Dlask Arms,DAR701,$2,330
123789,Dlask Arms,PAC-5,$2,330
150148,DRD,CDR-15,$2,330
176802,Dlask Arms,AR15 Type,$2,330
183682,Dlask Arms,DAR701 Canada 150 Birthday,$2,330
25679,Heckler & Koch,SL7,$2,335
184202,B&T,GHM9,$2,335
125603,LMT,Defender 2000,$2,340
175223,Dez Arms,DTA-10,$2,340
130508,Springfield Armory,US Rifle M1A NRA Camp Perry National Matches 100th Anniversary,$2,350
133216,CMMG,MK3,$2,350
144609,Bean Firearms,BFC-15A,$2,350
152906,Daniel Defense,M4 Carbine Pistol,$2,350
196020,American Defense Manufacturing,UICH,$2,350
196060,Prairie Gun Works,Direwolf,$2,350
197330,Ruger,LC Carbine,$2,350
145724,Ruger,SR762,$2,360
146157,DPMS,LR-G2 Panther,$2,360
196023,Grey Ghost Precision,GGP-S Light,$2,370
125015,Diemaco,CQB,$2,375
176702,Invincible Arms,IA-15,$2,375
193146,Dasan,DAR10,$2,375
60179,Frankford Arsenal,XM-177E2,$2,380
130995,SIG Sauer,SIG 516,$2,380
139837,SIG Sauer,SIG 516,$2,380
185083,Smith & Wesson,M&P 10 Creedmoor,$2,380
195038,Double Star,Star-10B,$2,380
140988,Sendra Corp,M15A1,$2,390
154616,Seekins Precision,SBA15,$2,390
33528,Armalite,AR-10,$2,400
119872,Tavor,21 TSR,$2,400
126799,Tavor,21,$2,400
141678,Rock River Arms,LAR-15 Fred Eichler Series,$2,400
145143,Armalite,AR-10,$2,400
152991,Desert Tech,MDR,$2,400
154666,Springfield Armory,US Rifle M1A Loaded,$2,400
158310,Allied Armament,Shpagin PPSh41,$2,400
174424,FN,FN15 Carbine,$2,400
185742,Armalite,AR-10,$2,400
194716,Kodiak Defence,WK181C,$2,400
197099,Springfield Armory,Hellion,$2,400
17471,Colt,AR15A2 Sporter 2,$2,410
34719,Colt,AR15A2 Sporter Target,$2,410
54484,Heckler & Koch,HKMZP1,$2,410
127186,Heckler & Koch,HK69A1 Granatpistole,$2,410
127187,Heckler & Koch,HKAG-G36,$2,410
127493,Heckler & Koch,HKAG-C,$2,410
128406,Heckler & Koch,HKXM320,$2,410
134931,Heckler & Koch,HKAG-HK416,$2,410
136543,Heckler & Koch,HKAG 36,$2,410
136544,Heckler & Koch,HKGLM,$2,410
136545,Heckler & Koch,HKAG-M16A4,$2,410
136546,Heckler & Koch,HKAG-M4,$2,410
137359,Heckler & Koch,HK168E1,$2,410
145075,Heckler & Koch,HK79,$2,410
145076,Heckler & Koch,HK79,$2,410
154618,SIG Sauer,SIG MCX,$2,410
157227,Heckler & Koch,HK269,$2,410
167222,Heckler & Koch,HK169,$2,410
169082,CMMG,MkW-15,$2,410
190264,Fortis Manufacturing,FM15,$2,410
154667,Springfield Armory,US Rifle M1A Scout Squad,$2,420
168122,Cross Machine Tool,UHP15A,$2,420
122360,Diemaco,C8CT,$2,430
129548,Para USA,TTR,$2,430
130062,Benelli,MR1,$2,430
152990,Double Star,Star-15 Patrol Rifle,$2,430
174502,FN,FN15 Rifle,$2,430
196384,CZ,CZ Bren 2 Ms,$2,430
196391,CZ,CZ Bren 2 Ms,$2,430
171202,Lantac,MK-4,$2,440
142063,Micor Defense,Leader 416,$2,450
142063,Micor Defense,Leader 416,$2,450
148868,Spike's Tactical,Hellbreaker,$2,450
194910,Sun Devil,SD308,$2,460
125913,Cobb,MCR,$2,470
125915,Cobb,MCR 30-06 SPRG 100th Anniversary Commemorative,$2,470
162250,Gilboa,M-43,$2,470
163006,Armalite,SPR Mod 2A,$2,470
133146,Colt,IUR,$2,480
135209,Colt,Modular Carbine,$2,480
180945,Windham Weaponry,MCS,$2,480
136810,LWRC,M6/M6 G,$2,485
33583,Armalite,AR-10T,$2,500
129027,Clark Custom Guns,Gator,$2,500
139282,SRM Arms,1208,$2,500
139283,SRM Arms,1212,$2,500
154619,SIG Sauer,SIG MCX Pistol,$2,500
160248,Coronado Arms,CA-15,$2,500
176482,SIG Sauer,SIG MPX Carbine,$2,500
174825,American Spirit Arms,Canadian Carbine,$2,520
177285,Daniel Defense,DDM4,$2,520
188182,PWS,MARK 1 Mod 2-M,$2,520
130106,LWRC,M6/M6A3,$2,530
130114,LWRC,M6/M6A2 PSD,$2,530
131601,LWRC,M6/M6A3 PSD,$2,530
185262,Lantac,LA-N15,$2,530
125027,Rhino Arms,RA-4,$2,540
135119,DPMS,A-15 Panther Hunter,$2,540
145823,Emtan,EM-15,$2,540
162307,Rhino Arms,RA-4R,$2,540
31128,Sterling,MARK 5 Police Carbine,$2,550
195514,Seekins Precision,NX15,$2,550
195711,Sharps Bros,Warthog,$2,550
125711,Daniel Defense,DD-15,$2,570
126191,POF,P415,$2,570
133463,BCM Rifle Company,BCM4,$2,570
141920,POF,P415,$2,570
16214,Badrock Tactical,BR10,$2,590
16218,Badrock Tactical,BR15,$2,590
132731,Robinson Armament,XCR-L Micro Pistol,$2,590
21475,Kommando Arms Manufacturing,Kommando,$2,600
30162,Weatherby,Classic MARK 2,$2,600
34711,Colt,AR15 Sporter Lightweight,$2,600
126788,Kel Tec,RFB,$2,600
127748,Bushmaster,ACR,$2,600
130122,LWRC,M6,$2,600
134841,Adcor Defense,ADC15,$2,600
144110,US Firearms Academy,BB-16,$2,600
144781,Franklin Armory,Libertas,$2,600
149252,Aero Precision,M5,$2,600
149709,Franklin Armory,F17-L,$2,600
172187,NoDak Spud,NDS-18S,$2,600
175222,Dez Arms,TA-15,$2,600
178024,Black Leaf Industries,BL9,$2,600
179463,Black Leaf Industries,BL9S Prototype,$2,600
189425,ZEV Technologies,Mega-TR15,$2,600
197281,Desert Tech,MDRX,$2,600
63945,Entreprise Arms,US Rifle M14A2,$2,610
64022,AR Sales,MARK 4,$2,610
120587,La France Specialties,M14K,$2,610
126113,Robinson Armament,XCR,$2,610
128316,Barrett Firearms,REC7,$2,610
139462,McMillan,M1A,$2,610
139463,McMillan,M3A,$2,610
145296,Dominion Arms,Socom 18,$2,610
149707,Rockola,US Rifle M14F,$2,610
160006,Manufacture Francaise d'Armes & Cycles de St Etienne,Cannon Breech Punt Gun,$2,610
193582,James River Armory,M14,$2,610
125607,Diemaco,C8A2,$2,625
125655,Colt,CQB,$2,630
154387,Daniel Defense,DD MK762,$2,630
126476,Cloud Mountain,502 Thunder Sabre,$2,655
150466,American Historical Foundation,Bushmaster XM15E2S Carbine United States Airborne Commemorative,$2,655
154686,Specialized Tactical Systems,SX3 Zombie Slayer Limited Edition,$2,655
160166,CMMG,MK3 Pistol,$2,655
175204,Dez Arms,BR4-15,$2,655
133217,CMMG,MK-8,$2,660
134862,Robinson Armament,XCR-L,$2,660
167682,Wilson Combat,AR9G,$2,660
195915,LWRC,224 Valkyrie,$2,660
48230,JP Enterprises,JP-15 Match,$2,670
48253,JP Enterprises,JP-15 NRA Match,$2,670
130104,LWRC,M6/M6A2,$2,670
133836,Tactical Rifles,Tactical M4C,$2,670
134798,PWS,MARK 2,$2,670
147540,Adcor Defense,Elite,$2,670
36984,Holloway Arms,7 Match,$2,700
46208,Penn Arms,AML1-37,$2,700
62106,CZ,ZH29,$2,700
128258,FN,FNAR,$2,700
128859,Penn Arms,HL,$2,700
128865,Penn Arms,HG,$2,700
128867,Penn Arms,L8,$2,700
128870,Penn Arms,L1,$2,700
128871,Penn Arms,GL1,$2,700
128872,Penn Arms,PGL65,$2,700
128875,Penn Arms,GL6,$2,700
128877,Penn Arms,GL65,$2,700
143346,Tavor,SAR,$2,700
144280,Penn Arms,PGL65,$2,700
144281,Penn Arms,PL8,$2,700
144288,Penn Arms,TL1,$2,700
144289,Penn Arms,PL8,$2,700
144290,Penn Arms,TL8,$2,700
144293,Penn Arms,TGL1,$2,700
144294,Penn Arms,TGL6,$2,700
167502,Hill & Mac Gunworks,STG,$2,700
170822,F-1 Firearms,BDR-15 CA,$2,700
189323,ZEV Technologies,ZEV-BL,$2,700
197056,Sterling Arms International,R18 MK2,$2,700
18891,Essential Arms Company,J15,$2,710
18891,Essential Arms Company,J15,$2,710
144624,Battle Rifle Company,BR4,$2,710
147565,Battle Rifle Company,BR4,$2,710
196385,Spike's Tactical,ST-9,$2,710
141538,Sword International,MARK 15 Model 0,$2,720
125118,FN,PS90,$2,725
17917,Colt,AR15A2 Government,$2,730
15300,Russian Service,DP-64,$2,740
15528,Arsenal,UGGL-M1,$2,740
15535,Milkor,Stopper,$2,740
15553,Armscor,Stopper,$2,740
15705,Rocket Launcher,P27,$2,740
16416,Rocket Launcher,RPG-27 Tavolga,$2,740
16839,Missile Launcher,Eryx,$2,740
17077,Rocket Launcher,ALAC,$2,740
17162,Rocket Launcher,MARA,$2,740
19055,Truvelo,SR20,$2,740
19294,Truvelo,CMS 20,$2,740
19382,Missile Launcher,Starstreak,$2,740
19892,Rocket Launcher,Shipon,$2,740
19919,Rocket Launcher,RPG-22 Netto,$2,740
19936,Missile Launcher,9K310 Igla-1,$2,740
20168,Missile Launcher,9K34 Strela-3,$2,740
20601,Luvo,M203,$2,740
21465,Missile Launcher,Type 79,$2,740
22655,CZ,CZ805 G1,$2,740
22704,Missile Launcher,MILAN,$2,740
22729,Rocket Launcher,MARK 153 SMAW,$2,740
22852,Rocket Launcher,B-300,$2,740
23356,Missile Launcher,HN-5,$2,740
23357,Missile Launcher,FIM-92 Stinger,$2,740
24387,Rocket Launcher,RPG-26 Aglen,$2,740
26531,Rocket Launcher,RPG-76,$2,740
26532,Rocket Launcher,RPG-7,$2,740
26569,Rocket Launcher,RPG-7,$2,740
26733,Rocket Launcher,RPG-7,$2,740
34126,DPMS,A-15 37mm Launcher,$2,740
51978,Smith & Wesson,210/276,$2,740
68869,German Anti-Tank Rifle,M41,$2,740
68964,German Anti-Tank Rifle,PzB38,$2,740
69065,German Anti-Tank Rifle,PzB39,$2,740
69085,German Anti-Tank Rifle,PzB39,$2,740
121721,German Anti-Tank Rifle,PzB41,$2,740
123580,Rocket Launcher,RPG-7,$2,740
124183,Et Cetera,37mm Launcher,$2,740
125665,Diemaco,M203A1,$2,740
125673,Diemaco,Eagle,$2,740
125682,RM Equipment,M203PI,$2,740
126466,Milkor,MGL MARK 1,$2,740
126475,Milkor,M79,$2,740
126682,Aerotek,NTW,$2,740
127319,Portuguese Mortar,M965,$2,740
127320,Portuguese Mortar,M937,$2,740
127321,Portuguese Mortar,M965,$2,740
127322,US Recoilless,M18,$2,740
127324,Rocket Launcher,M72,$2,740
127328,Rocket Launcher,M1,$2,740
127330,Rocket Launcher,M1A1,$2,740
127331,Rocket Launcher,M9,$2,740
127337,Rocket Launcher,M20B1,$2,740
127903,Russian Mortar,M1937,$2,740
127904,Czechoslovakian Mortar,VZ52,$2,740
127905,Chinese Mortar,Type 53,$2,740
128268,FN,EGLM,$2,740
128324,Smith & Wesson,276,$2,740
128711,China Lake,EX-41,$2,740
128729,Beretta,GLX160,$2,740
128742,Milkor USA,MGL-140 M32,$2,740
128744,Milkor USA,MGL-140,$2,740
128745,Milkor,MRGL,$2,740
128854,Knights Armament Company,M203,$2,740
129007,Milkor USA,MGL-105,$2,740
129055,Russian Artillery,M1942 Anti-Tank Gun,$2,740
129057,US Recoilless,M20,$2,740
129202,US Recoilless,M20,$2,740
129497,Sabre Defence Industries,XR40,$2,740
129499,Sabre Defence Industries,XR37,$2,740
129804,German Anti-Tank Rifle,GrB39,$2,740
130286,German Mortar,1934 Granatwerfer,$2,740
130305,German Mortar,Kurzer Granatewerfer 42,$2,740
131714,Hotchkiss,1934 Canon SAH,$2,740
131836,Israeli Mortar,C03,$2,740
133758,Rocket Launcher,RPG-75,$2,740
133762,Rocket Launcher,RPG-75,$2,740
134124,Schermuly,38mm Multi-Purpose Gun,$2,740
134837,Rocket Launcher,LRAC89-F1,$2,740
136838,Rocket Launcher,RPG-16 Udar,$2,740
138729,Rocket Launcher,RPG-7B,$2,740
138965,CQ,Type CQ 40MM,$2,740
143281,FN,MARK 13 Model 0,$2,740
143353,IOF,Vidhwansak,$2,740
143353,IOF,Vidhwansak,$2,740
143355,IOF,Ugra,$2,740
143357,IOF,UBGL,$2,740
143816,Croatian Service,RT-20,$2,740
144005,Polish Grenade Launcher,Wz74,$2,740
144008,Polish Grenade Launcher,Wz83,$2,740
144087,Czech Weapons,SAG 30,$2,740
144088,Czech Weapons,CZW 40,$2,740
144131,Helenius,RK20,$2,740
144140,Helenius,RK99 MARK 2,$2,740
144142,Alpimex,APK 20,$2,740
144144,Denel,NTW 20HS,$2,740
144146,Truvelo,SR20,$2,740
145070,Arsenal,UBGL,$2,740
145071,Metallic Limited,RBG-1,$2,740
145073,Metallic Limited,RBG-6,$2,740
145074,Maadi,UBGL,$2,740
145077,Pindad,SPG-1,$2,740
145078,Daewoo,K201,$2,740
145080,Romarm,AG-40,$2,740
145081,Singapore Technologies Kinetics,40GL,$2,740
145082,Swiss Arms,GL5040,$2,740
145083,Swiss Arms,GL5140,$2,740
145084,Swiss Arms,GLG40,$2,740
145085,Taiwanese Grenade Launcher,T85,$2,740
145089,LEI,M203-PR,$2,740
145097,DSA,40MM Launcher,$2,740
145100,Floro International,40MM Launcher,$2,740
145104,Tarnow,RGP-40,$2,740
145155,Oerlikon,SSG 32,$2,740
145156,Oerlikon,SSG 36,$2,740
145158,Swiss Anti Tank Rifle,Tankbusche 41,$2,740
145160,Japanese Anti-Tank Rifle,Type 97,$2,740
145345,FN,FN40GL,$2,740
146082,Rocket Launcher,RL100 Blindicide,$2,740
146179,Lamperd,L40SL,$2,740
146202,ERE Systems,M203 ERE Elite Launcher,$2,740
146318,Rocket Launcher,MARK 153 SMAW,$2,740
146320,Rocket Launcher,M141 SMAW-D,$2,740
147301,Japanese Anti-Tank Rifle,Type 97,$2,740
148296,Elite Machining,ELM-40,$2,740
148689,Tarnow,GP40,$2,740
148690,Tarnow,GS40,$2,740
148691,MKE,T40,$2,740
148699,Airtronic,M203,$2,740
148702,Rocket Launcher,RPG-7,$2,740
148703,Rocket Launcher,MARK 777 RPG,$2,740
148706,Arsenal,MSGL,$2,740
148707,Rocket Launcher,ATGL RPG,$2,740
148708,Rocket Launcher,Type 69 RPG,$2,740
148709,Rocket Launcher,Type 56 RPG,$2,740
148710,Rocket Launcher,RPG-2,$2,740
148712,Rocket Launcher,Cobra RPG,$2,740
148714,Rocket Launcher,Panzerfaust 3,$2,740
148715,Rocket Launcher,RPG-7,$2,740
148716,Rocket Launcher,RPG-7,$2,740
148752,Argentine Mortar,FMK2 81MM,$2,740
148805,Argentine Mortar,FMK2 120MM,$2,740
148806,Argentine Mortar,FMK1 60MM,$2,740
148809,Argentine Mortar,FMK2 60MM,$2,740
148810,Argentine Mortar,FMK3 60MM,$2,740
148811,Austrian Mortar,C6 60MM,$2,740
148812,Austrian Mortar,M6 60MM,$2,740
148817,Austrian Mortar,M8 81MM,$2,740
148818,Austrian Mortar,M12 120MM,$2,740
148819,Greek Mortar,C6 60MM,$2,740
148820,Bulgarian Mortar,M60 60MM,$2,740
148821,Bulgarian Mortar,M81 81MM,$2,740
148822,Bulgarian Mortar,M82 82MM,$2,740
148823,Chilean Mortar,Commando,$2,740
148831,Chilean Mortar,M57 81MM,$2,740
148836,Rocket Launcher,APILAS,$2,740
148837,Rocket Launcher,Wasp,$2,740
148838,Rocket Launcher,Wasp,$2,740
148840,Italian Mortar,Otobreda 81MM,$2,740
151309,Floro International,M400,$2,740
151310,Floro International,M203,$2,740
151346,Dezamet,GSBO-40,$2,740
151347,Dezamet,GPBO-40,$2,740
152966,DSA Incorporated,M203,$2,740
154566,Sage,ML40 MARK 1,$2,740
154827,Sage,Ace 37mm Launcher,$2,740
154828,Sage,Ace 40mm Launcher,$2,740
154830,Sage,Deuce 37mm Launcher,$2,740
154831,Sage,Deuce 40mm Launcher,$2,740
156914,Milkor USA,MGL-AV140,$2,740
159926,MKE,Grenade Launcher,$2,740
161507,German Anti-Tank Rifle,PzB39,$2,740
164026,Rocket Launcher,RPG-7,$2,740
164543,Rocket Launcher,Bunkerfaust,$2,740
164663,Rocket Launcher,Type 2004 RPG,$2,740
164688,Rocket Launcher,PF98,$2,740
175262,Astra Arms,SL203,$2,740
175364,Astra Arms,GL203,$2,740
175867,Greek Mortar,E44 81mm,$2,740
175868,Greek Mortar,E56 120mm,$2,740
180623,Corner Blast,PGL A1,$2,740
181022,Missile Launcher,9K38 Igla,$2,740
181042,Missile Launcher,9K38 Igla,$2,740
181043,Missile Launcher,FIM-43 Redeye,$2,740
181082,Missile Launcher,9K32 Strela-2,$2,740
181142,Missile Launcher,9K111 Fagot,$2,740
181242,Missile Launcher,M47 Dragon,$2,740
181243,Missile Launcher,Saegheh,$2,740
181323,Missile Launcher,Toophan,$2,740
183203,Missile Launcher,BGM-71 TOW,$2,740
183422,Ordnance Group,TAC79,$2,740
184142,Rocket Launcher,RPG-28 Klyukva,$2,740
184143,Rocket Launcher,RPG-29 Vampir,$2,740
184162,Rocket Launcher,FT5,$2,740
184164,Missile Launcher,Ingwe,$2,740
184182,Rocket Launcher,C90,$2,740
184283,Missile Launcher,FGM-148 Javelin,$2,740
186522,F-1 Firearms,UDR-15-3G,$2,740
190084,Denel,PAW-20,$2,740
194724,IWI,UBGL,$2,740
195066,Truvelo,HSR 20,$2,740
195279,Armsan,BA 40,$2,740
195830,Ordnance Group,TAC-D,$2,740
195924,Exotic Firearms,Nemesis-SL,$2,740
482,Harrington & Richardson,60,$2,750
132769,Christensen Arms,Carbon CA-15,$2,750
135597,Heckler & Koch,MR556A1,$2,750
162608,Armalite,M15 Pistol,$2,750
122538,Springfield Armory,US Rifle M1A SOCOM 16,$2,760
125050,Rock River Arms,LAR-15 Government,$2,760
133495,Sharps Rifle Company,Sharps 15,$2,760
131494,LWRC,M6/M6A2 Pistol,$2,770
174702,2A Armament,Aethon,$2,770
196847,SAE Alsetex,Cougar 40,$2,770
136548,Heckler & Koch,HKM320 A1,$2,780
153850,Les Baer Custom,AR Special Tactical Rifle,$2,790
31669,LAR Manufacturing,Grizzly Big Boar,$2,800
36982,Holloway Arms,7 Sniper,$2,800
48386,JP Enterprises,AR-10,$2,800
54636,Heckler & Koch,SL8-1,$2,800
104595,Heckler & Koch,SL8,$2,800
117357,Heckler & Koch,SL8-4,$2,800
175122,Hill & Mac Gunworks,STG-P,$2,800
194881,SRM Arms,1228,$2,800
197175,B&T,SPC300,$2,800
142839,Noreen Firearms,Noreen ULR,$2,820
142841,Noreen Firearms,Noreen ULR Extreme,$2,820
185923,Caracal,CAR 814 A2,$2,825
167862,Tavor,X95,$2,830
196906,Tavor,X95,$2,830
153907,LWRC,M6IC,$2,840
126640,Wilson Combat,AR15 SS,$2,860
143579,Rainier Arms,RM-15,$2,860
143580,Rainier Arms,RB-15,$2,860
147734,Miller Precision Arms,MPAR10,$2,860
147863,YHM,57,$2,860
164422,Rainier Arms,RB308,$2,860
185202,Rainier Arms,Overthrow,$2,860
157852,War Sport,GPR,$2,870
162247,Gilboa,Shorty 7,$2,880
162248,Gilboa,Commando 11.5,$2,880
162249,Gilboa,SMG,$2,880
162251,Gilboa,Carabine 14.5,$2,880
152326,Black Rain Ordnance,Fallout 15 NRA Rifle,$2,895
118955,Lucznik,BRS99,$2,900
121424,Heckler & Koch,SL8-5,$2,900
127752,Heckler & Koch,SL8-6,$2,900
129390,Heckler & Koch,SL8-10,$2,900
170842,F-1 Firearms,BDR-15-3G CA,$2,900
185383,CZ,CZ805 Bren S1,$2,900
123517,Springfield Armory,US Rifle M1A SOCOM 2,$2,910
134997,Armalite,AR-10NM,$2,910
171182,Lantac,LA-R15,$2,920
122814,B&T,TP9,$2,925
127621,B&T,TP9US,$2,925
127991,B&T,TP9 Canada,$2,925
90495,Wilson Combat,AR15 UT,$2,930
119841,Wilson Combat,AR15 TL,$2,930
122916,Anzio Ironworks,Anzio SS,$2,930
129607,POF,P416,$2,930
161447,State Arms Gun Company,Shorty,$2,930
185829,Bula Defense Systems,M14,$2,930
143782,Cross Machine Tool,UHP-15,$2,940
152989,Double Star,Star-15 Midnight Dragon,$2,940
168123,Cross Machine Tool,UHP15H,$2,940
168124,Cross Machine Tool,UHP15-PDW,$2,940
168125,Cross Machine Tool,UHP15SSA,$2,940
185882,Caracal,CAR 816 A2,$2,940
181623,DRD,Aptus,$2,950
17920,Colt,AR15A2 Government Carbine,$2,960
196024,Grey Ghost Precision,GGP-SBL,$2,960
196025,Grey Ghost Precision,GGP-SLF,$2,960
132190,SIG Sauer,SIG 716,$2,970
187282,SIG Sauer,SIG MCX Rattler Pistol,$2,970
197206,Genesis Arms,GEN-12,$2,970
197207,Genesis Arms,GEN-12,$2,970
57420,Diemaco,Rifle C10,$2,980
123093,Heckler & Koch,HKM4C,$2,980
127640,Heckler & Koch,HK417,$2,980
128296,Heckler & Koch,MR,$2,980
144306,Diemaco,Rifle Experimental 84,$2,980
147716,Noveske,Varmageddon AR,$2,980
153906,LWRC,M6IC PSD Pistol,$2,980
170802,F-1 Firearms,BDR-10-3G CA,$2,980
122070,VM Hy-Tech,VM50,$2,990
150467,American Historical Foundation,Colt AR15A2 Sporter Match HBar Vietnam Tribute Special Edition,$2,990
150487,American Historical Foundation,Colt AR15A2 Sporter Target Operation Desert Storm Commemorative,$2,990
156629,Matrix Aerospace,M-762,$2,990
161446,State Arms Gun Company,Mosquito,$2,990
162666,Lancer Systems LP,L30,$2,990
117283,Heckler & Koch,UMP,$2,995
52917,Zastava,M84 Skorpion,$3,000
90515,Wilson Combat,AR15 TPR,$3,000
121230,Wilson Combat,AR15 SM,$3,000
142561,Project Guns,RPD Semi-Automatic,$3,000
162606,Armalite,AR-10 Pistol,$3,000
163407,TNW,PPSH41 SA,$3,000
195152,B&T,GHM-G,$3,005
167422,Battle Arms Development,BAD-PDW,$3,020
119812,American Spirit Arms,ASA308,$3,030
160886,JP Enterprises,MBRG-13,$3,030
160927,JP Enterprises,MBRG-13,$3,030
125672,Colt,SFW,$3,050
197174,B&T,SPC223,$3,075
148082,DRD,M762,$3,080
150287,DRD,M762,$3,080
48397,JP Enterprises,Edge Grade 3,$3,090
123118,Barrett Firearms,M468,$3,090
143079,Armalite,AR-10A,$3,090
122852,Lakeside Machine,Vindicator BF1,$3,100
126463,Noveske,N4,$3,100
158667,Spike's Tactical,The Jack,$3,100
31873,Springfield Armory,US Rifle M1A National Match,$3,110
126684,Denel,NTW,$3,110
126684,Denel,NTW,3,110
132767,Christensen Arms,Carbon CA-15 Recon,$3,120
170263,LMT,MARS LS,$3,120
184562,Arms East,Semi Automatic RPD MK2,$3,135
31867,Springfield Armory,US Rifle M1A-A1 Scout Rifle,$3,140
138236,JP Enterprises,SCR-11,$3,150
162446,Alberta Tactical Rifle,Modern Varmint,$3,160
187262,SIG Sauer,SIG MCX Rattler,$3,160
196026,Grey Ghost Precision,GGP-S Heavy,$3,160
125657,Colt,C8CT,$3,165
125660,Colt,C8A1,$3,165
147623,Core,Core-30,$3,165
140479,Wilson Combat,AR15,$3,170
154617,Seekins Precision,SPX,$3,180
17474,Colt,AR15 SP1,$3,190
161648,Knights Manufacturing Company,SR-15,$3,190
188042,ZEV Technologies,Mega-LF,$3,190
18460,DMax,Auto Pistol,$3,200
22632,Springfield Armory,US Carbine M1,$3,200
128614,Springfield Armory,US Carbine M1,$3,200
146080,JP Enterprises,JPE-15,$3,200
125661,Colt,C8A2,$3,220
121346,Les Baer Custom,Thunder Ranch Special,$3,230
134296,Wells & Wells,Mauser Magnum Sporter,$3,230
195357,Concari,Steinbock,$3,230
145851,Robinson Armament,XCR-M Micro Pistol,$3,240
153909,LWRC,M6.8 PSD Pistol,$3,240
34971,Colt,AR15A2 Sporter Match Delta HBar,$3,250
128851,JP Enterprises,CTR-02,$3,250
184429,Colt,AR15 M16A1,$3,250
194815,Radian,1,$3,260
131147,POF,P308,$3,275
141921,POF,P308,$3,275
170844,F-1 Firearms,BDR-15 CA Pistol,$3,275
137200,Robinson Armament,XCR-M,$3,280
126160,DMax,Auto Carbine,$3,300
128455,Sport Systeme Dittrich,BD42,$3,300
132751,Christensen Arms,Carbon CA-15 Predator,$3,320
165407,BPM,LR-10,$3,320
160026,LWRC,Six8,$3,350
160046,LWRC,Six8,$3,350
108735,Serbu,BFG-50,$3,380
109575,Serbu,BFG-50,$3,380
125684,LMT,M203,$3,380
144187,LMT,M2032003 FMT,$3,380
148502,LMT,37mm Launcher,$3,380
148507,LMT,40MM Launcher,$3,380
146190,Alberta Tactical Rifle,Modern Hunter Prototype,$3,385
149826,Alberta Tactical Rifle,Modern Hunter,$3,385
119778,Bushmaster,XM15E2S DCM Competition Rifle,$3,390
170843,F-1 Firearms,BDR-15-3G CA Pistol,$3,390
174943,Billet Rifle Systems (BRS),BRS-47,$3,390
195976,Daniel Defense,DD5,$3,390
151333,War Sport,LVOA,$3,395
3756,FN,CAL,$3,400
19655,Heckler & Koch,SL6,$3,400
118664,FAMAE,MINI SAF SA,$3,400
125499,Heckler & Koch,MP7A1,$3,400
135881,Special Weapons,SW760,$3,400
153849,Les Baer Custom,AR IPSC Action,$3,400
169102,Les Baer Custom,Match AR,$3,400
195824,Auto Ordnance,M1A1 Carbine Airborne WW2 Commemorative,$3,400
137364,Mega Arms,MEGA MA-Ten,$3,410
125704,FN,FS2000,$3,435
129192,FN,SCAR 16S,$3,450
143001,FAMAE,SG543-1 ERE Tactical Elite,$3,450
146640,Les Baer Custom,Match,$3,450
150428,American Historical Foundation,Auto Ordnance M1 Carbine US Air Force Commemorative,$3,450
117241,Les Baer Custom,Ultimate AR,$3,460
153848,Les Baer Custom,AR Super Match,$3,460
156886,War Sport,LVOA Pistol,$3,460
168126,Cross Machine Tool,UHP-10,$3,460
196996,B&T,APC9K,$3,470
197126,B&T,APC9,$3,470
133580,Bushmaster,BACR,$3,475
61058,Armscorp,US Rifle M14 National Match,$3,480
195372,Concari,Royal,$3,480
125550,Rock River Arms,LAR-10,$3,490
195275,Barrett Firearms,REC10,$3,490
27217,Universal,2200 Leatherneck,$3,500
118426,FAMAE,SAF SA,$3,500
142985,FAMAE,SG540-1 ERE Elite,$3,500
143000,FAMAE,SG542-1 ERE Elite,$3,500
146047,FAMAE,SG542-1 SA,$3,500
194708,Tavor,7,$3,500
195822,Auto Ordnance,M1 Carbine D-Day 75th Anniversary Commemorative,$3,500
147273,Colt,C8 CSC SCC,$3,505
134618,Next Generation Arms,MFR,$3,510
134619,Next Generation Arms,MP168 SPC,$3,510
141419,F&D Defense,FD308,$3,510
129366,LWRC,SABR,$3,530
122286,Robinson Armament,M96 Recon,$3,535
57439,Prairie Gun Works,LRT2SS,$3,540
136815,LWRC,M6/M6A2 DMR,$3,545
177263,POF,CMR,$3,550
136602,Vltor Weapon Systems,VR,$3,560
121319,DPMS,LR-308 Panther,$3,570
122834,East Ridge/State Arms Gun Company,Big Bertha,$3,580
133151,Tactical Rifles,Government,$3,580
150726,FAMAE,SG540-1 TI,$3,600
24870,Penn Arms,L837,$3,610
121484,Advanced Combat Systems,Hezi SM-1,$3,615
123161,Cavalry Arms,CAV-15 Trooper,$3,615
152786,CMMG,MK-4 Pistol,$3,615
156869,Devil Dog Arms,DDA-15BS,$3,615
184942,Colt,C8 IUR RCMP,$3,615
3080,Weatherby,MARK V Lazermark,$3,630
29914,Weatherby,MARK V Lazermark,$3,630
165406,BPM,CQB-10,$3,630
168823,American Defense Manufacturing,UIC 10A,$3,630
180422,Cobalt Kinetics,CARS,$3,630
197967,Adler,J-220,$3,637
132062,LMT,LM308MWS,$3,640
171722,B&T,APC9-SA,$3,670
196335,Colt,C20,$3,670
143559,NEMO,Battle Light,$3,680
124942,Zastava Arms,MG42S,$3,700
129022,SRM Arms,1216,$3,700
150727,FAMAE,SG543-1 TI,$3,700
154406,Zastava,M84A,$3,700
83771,Unknown,Sporter,$3,730
120096,Voere,2002XXL,$3,730
133819,Tactical Rifles,Tactical SVR,$3,740
165769,Salient Arms International,SAI-T2,3,740
165770,Salient Arms International,SAI-T2,$3,740
165782,Rock River Arms,LAR-15 Texas,$3,740
170782,F-1 Firearms,BDR-10 CA,$3,740
181062,Salient Arms International,GRY,$3,740
162567,Battle Arms Development,BAD556-LW,$3,750
195710,DRD,D8,$3,760
129432,LaRue Tactical,LT-15,$3,770
142350,Precision Firearms,PF15,$3,770
154426,Precision Firearms,PF-X08,$3,770
129517,SMOS,Rogue-50,$3,785
129517,SMOS,Rogue-50,$3,785
170742,S F Armory,RDR-MK1,$3,785
24863,Penn Arms,P837,$3,790
196233,Q,Sugar Weasel,$3,795
139318,SRM Arms,12,$3,800
163206,Fulton Armory,M14,$3,850
173762,Falkor Defense,FD-15A,$3,860
3018,Weatherby,MARK V Deluxe,$3,865
3079,Weatherby,MARK V Deluxe,$3,865
39531,Weatherby,MARK V Deluxe,$3,865
162252,Gilboa,DMR,$3,870
41686,State Arms Gun Company,Rebel,$3,890
186043,Christensen Arms,Carbon CA-10 G2,$3,890
117595,Weatherby,MARK V DGR,$3,900
122844,Bluegrass Armory,Viper XL,$3,900
129142,LAR Manufacturing,Grizzly T-50,$3,900
142624,Sterling Cross Defence Systems,Wartak Reaper MARK 1,$3,900
196758,B&T,SPC9,$3,910
27710,Smith Enterprises,US Rifle M14 National Match,$3,920
27756,Smith Enterprises,US Rifle M14,$3,920
147243,Boberg,CDH-15,$3,920
140978,Poly Technologies,T97NS Prototype,$3,950
18369,United Defense,S5,$3,955
68827,German Anti-Tank Rifle,1918 Antitank Rifle,$3,955
152106,CMMG,MK-47,$3,955
156188,Heckler & Koch,MR308,$3,955
141780,Ferfrans,SOACR,$3,970
196979,Poly Technologies,RPD-SA,$3,975
136139,Cadex,CDX-15,$3,980
176608,GAC Rifles,Big One,$3,980
163207,Fulton Armory,M21,$3,985
195297,Grey Ghost Precision,GGP-S Grim,$3,990
126519,Sport Systeme Dittrich,BD44,$4,020
179502,POF,P300,$4,040
169783,Bula Defense Systems,XM21,$4,070
186162,CMMG,MkGs,$4,070
148469,NEMO,Battle Light 1.0,$4,080
147548,Ares Defense Systems,Ares-15 MCR,$4,090
171324,MG Arms,Taranis Light,$4,090
130116,LWRC,M6/M6A1,$4,095
66925,Hotchkiss,Universal,$4,100
149488,GA Precision,GAP-10,$4,100
87298,Stoner,SR-15,$4,110
136229,Stoner,SR-15,$4,110
189362,Big Horn Armory,AR500,$4,115
120405,Garys Gunsmithing,Phoenix,$4,125
187402,Wilson Combat,AR-10,$4,150
119482,Swiss Arms,Classic Green,$4,160
128746,Rippel Effect,XRGL40,$4,160
183362,Rippel Effect,LL40,$4,160
185828,Bula Defense Systems,M21 DMR,$4,180
194914,LRB Arms,T44E4,$4,180
119587,Swiss Arms,Black Special,$4,200
129193,FN,SCAR 17S,$4,200
177862,B&T,KH9,$4,200
194839,FN,SCAR 20S,$4,200
24861,Penn Arms,L640,$4,210
31875,Springfield Armory,US Rifle M1A Super Match,$4,220
147604,Christensen Arms,Carbon CA-10 DMR,$4,220
194565,Voere,X3,$4,225
186042,Christensen Arms,Carbon CA-15 G2,$4,240
24852,Penn Arms,P540,$4,250
131288,JP Enterprises,LRP-07,$4,290
131462,EAA,SAB92SF,$4,310
156191,Heckler & Koch,MR223,$4,315
136777,Tactical Rifles,Tactical SPG,$4,320
147549,Ares Defense Systems,Ares-15 MCR Sub-Carbine,$4,320
137704,Les Baer Custom,Ultimate,$4,330
137456,Christensen Arms,Carbon CA-10 Recon,$4,340
3036,Weatherby,MARK V Europa,$4,350
147264,Voere,XXL,$4,350
194366,Nord Arms,NA-308,$4,370
130341,LaRue Tactical,LT-762,$4,380
133207,Armalite,AR-50A1,$4,390
172742,LWRC,CSASS,$4,400
195491,Landor Arms,BPX 903,$4,400
161448,State Arms Gun Company,Competitor 2000,$4,420
124395,LRB Arms,M14SA US Rifle,$4,430
124407,LRB Arms,M25,$4,465
134637,Physics Applications,Universal Receiver,$4,475
149730,Rockola,US Carbine M1,$4,475
125671,Colt,Eagle,$4,490
125680,Colt,M203,$4,490
126477,Colt,M79,$4,490
27477,Universal,1941,$4,500
31869,Springfield Armory,US Rifle M21,$4,500
117330,US Ordnance Incorporated,Vickers MARK 1,$4,500
162611,Lakeside Machine,Browning M1917 1/2 Scale,$4,500
162612,Lakeside Machine,Browning M1919A4 1/2 Scale,$4,500
164333,Tomahawk,W13,$4,500
137403,Seekins Precision,SP223,$4,520
143387,Umbrella Corporation,AR15,$4,520
143389,Umbrella Corporation,AR15,$4,520
194855,Seekins Precision,SP223,$4,520
147899,B&T,APC300,$4,540
136140,Cadex,AR15 Karpat SPVM,$4,570
15838,MOCO,M1 Carbine,$4,600
162613,Lakeside Machine,Browning M1919M37 1/2 Scale,$4,600
162614,Lakeside Machine,Browning M2 Heavy Barrel 1/2 Scale,$4,600
25758,Rock Island Armory,US Carbine M1,$4,650
147732,Miller Precision Arms,MPA556,$4,680
147902,B&T,APC223,$4,700
181143,B&T,APC223-SA,$4,700
195939,B&T,APC-G SA,$4,700
44009,Armalite,AR-50,$4,760
124218,Swiss Arms,Classic Green CQB,$4,770
118074,Anzio Ironworks,Anzio 50 CM1,$4,790
122917,Anzio Ironworks,Anzio 50,$4,790
122918,Anzio Ironworks,Anzio 50,$4,790
129135,Anzio Ironworks,Anzio 14.5,$4,790
136657,DSA Incorporated,RPDS,$4,800
142419,DSA Incorporated,RPDS,$4,800
171302,MG Arms,K-Yote,$4,800
124219,EDM Arms,96 Windrunner,$4,810
137518,LMT,L129A1,$4,810
171102,GA Precision,GAP-10 G2,$4,840
4638,Kimber,89 African,$4,850
147803,Thureon Defense,XA Pistol,$4,850
126479,Cloud Mountain,502 Thunder Boss,$4,860
29836,McMillan,Talon Safari,$4,870
123028,Harris & McMillan,Talon Safari,$4,870
141158,Christensen Arms,Carbon CA TAC 10,$4,870
147733,Miller Precision Arms,MPA762,$4,880
194707,Noveske,N6,$4,900
141398,DRD,Paratus,$4,940
147808,Turnbull Manufacturing,TAR-15,$4,940
194723,B&T,APC308-SA,$4,955
124641,Ligamec,Ultralite50,$4,970
126478,Cloud Mountain,502 Big Bore Canyon,$4,970
189925,CK Arms,CKAR-9,$4,970
142842,Noreen Firearms,Noreen BN36,$5,000
35922,Manville,Manville Gas Gun,$5,020
166825,Albert Arms,ALR,$5,080
175324,Grey Ghost Precision,Cornerstone,$5,085
196473,Limcat,Tron,$5,085
129572,LWRC,REPR,$5,110
29852,Harris Gunworks,Talon Safari,$5,170
136112,Cadex,CDX-10,$5,170
146541,Sword International,MARK 17 Model 0,$5,180
48242,JP Enterprises,JP-15,$5,200
68750,Russian Anti-Tank Rifle,PTRD41,$5,230
178102,Troy Defense,Troy Rifle M10A1,$5,255
194805,Stoner,SR-30 SBR,$5,255
128698,Halo Arms,HA50 LRR,$5,270
128270,Socom Firearms Corporation,Leonidas AR10,$5,310
128696,Halo Arms,HA50 FTR,$5,330
153847,Les Baer Custom,Monolith SWAT,$5,330
135550,Montana Rifle,1999 DGR,$5,345
135761,Rhino Arms,RA-5,$5,375
196760,MARCOLMAR Firearms,CZ VZ59,$5,390
57697,Prairie Gun Works,M18 Ti,$5,400
28301,Parker Brothers,PH,$5,410
68744,Russian Anti-Tank Rifle,PTRS41,$5,420
145141,Russian Anti-Tank Rifle,PTRR39,$5,420
196292,McCutchen Firearms,MF-1000,$5,440
196293,McCutchen Firearms,MF-1000,$5,440
120040,FEG,KGPF,$5,450
124412,Ramo,600,$5,450
161267,Noreen Firearms,BN408,$5,470
194242,Auto Ordnance,World War II Remember Pearl Harbor M1 Carbine Commemorative,$5,500
153026,Desert Tech,HTI,$5,550
129450,Lawton Machine,8000,$5,595
153968,Montana Rifle,1999 SCR-SS,$5,595
176607,GAC Rifles,Thunder,$5,595
182802,Lobaev Arms,SVLK-14S,$5,595
188822,Ashbury Precision Ordnance,VX,$5,595
145142,Russian Anti-Tank Rifle,PTRSh,$5,610
139842,Heckler & Koch,G28,$5,650
146540,Sword International,MARK 16 Model 0,$5,670
146542,Sword International,MARK 18 Model 0,$5,670
178363,Taran Tactical,TR-1,$5,720
195999,Q,Honey Badger,$5,785
196232,Q,Honey Badger,$5,785
59397,Robinson Armament,M96 Expeditionary Rifle,$5,800
186922,LWRC,REPR MARK 2,$5,850
91415,Beretta,1918/30,$6,000
136658,Wise Lite Arms,RPD Semi-Automatic,$6,000
131550,Desert Tactical Arms,HTI,$6,020
120434,Parker Brothers,DHE,$6,080
154846,Turnbull Manufacturing,TAR-40,$6,085
26156,Reising,60,$6,135
117460,Springfield Armory,US Rifle M25,$6,180
3074,Weatherby,MARK V Euromark,$6,215
29900,Weatherby,MARK V Euromark,$6,215
121754,CheyTac,CheyTac,$6,215
74772,Stoner,SR-25,$6,330
182882,Lobaev Arms,DXL-4,$6,465
160348,Turnbull Manufacturing,TAR-10,$6,490
91295,Beretta,1918,$6,500
130517,SaskSten,Sten MARK 3,$6,500
145433,TNW,1999 ASR,$6,500
174926,Fightlite Industries,MCR,$6,500
143560,NEMO,Omen,$6,530
122914,Anzio Ironworks,Anzio 50 Lightweight,$6,660
15533,Azerbaijani Sniper Rifle,Istiglal IST 12.7,$6,730
15824,Modulo Masterpiece,Wizard Extreme Long Range Match,$6,730
19285,Truvelo,CMS 12.7,$6,730
19287,Truvelo,CMS 14.5,$6,730
45344,Zastava Europe,M93,$6,730
48406,McBros,50 BMG Benchrest,$6,730
55256,Prairie Gun Works,LRT3REP,$6,730
57437,Prairie Gun Works,LRT3SS,$6,730
57798,Prairie Gun Works,LRT50,$6,730
103415,RAD,M650 SLAMR,$6,730
118043,AAO,2000,$6,730
119426,Prairie Gun Works,LRT50,$6,730
119956,FN,Hecate 2,$6,730
119958,FN,Nemesis,$6,730
120259,Truvelo,SR50,$6,730
120315,Pietsch,P B 50 Canadian,$6,730
120938,ZVI,OP96,$6,730
120939,ZVI,OP99,$6,730
122833,Alberta Tactical Rifle,Big Bertha,$6,730
123103,Armtech,BM50,$6,730
124739,Saxonia,Big Valve M2,$6,730
125163,JRS,510,$6,730
126220,Safety Harbor Firearms,SHF/R50,$6,730
126221,Safety Harbor Firearms,Ultra Mag 50,$6,730
126497,Triple Action,Thunder 50,$6,730
126607,EAA,M93 Black Arrow,$6,730
126803,Barnard,GP,$6,730
126849,Zastava Arms,M93 Black Arrow,$6,730
127408,Hagelberg,FH50,$6,730
127829,PGM Precision,Hecate 2,$6,730
127994,AMSD,OM 50 Nemesis,$6,730
128040,Alberta Tactical Rifle,AT50,$6,730
128464,Rib Mountain Arms,92,$6,730
128992,Odessa,Patriot 50,$6,730
129091,Karta Tool,Frenchy 1 Prototype,$6,730
129495,Alberta Tactical Rifle,ATSHL Prototype,$6,730
132534,Safety Harbor Firearms,SHF/S50,$6,730
133277,Gun Room Company,Noreen ULR,$6,730
134079,Canstar Arms,CS 50,$6,730
134996,Omni,Windrunner,$6,730
135976,Canstar Arms,CS1 Prototype,$6,730
135977,Canstar Arms,CS2 Prototype,$6,730
136555,BAT Machine,EX,$6,730
139385,McBros,50 BMG Tactical,$6,730
139387,McBros,50 BMG Tactical,$6,730
141239,Canstar Arms,CS 50-2,$6,730
142740,Tactical Machining,TM-SS,$6,730
143814,Croatian Service,MACS M3,$6,730
143815,Croatian Service,MACS M4,$6,730
144009,Tarnow,WKW,$6,730
144041,Tasko,7ET3,$6,730
144084,Czech Weapons,CZW 127,$6,730
144123,Degtyarev,ASVK,$6,730
144132,Helenius,RK97,$6,730
144133,Helenius,RK99,$6,730
144139,Helenius,RK99 MARK 1,$6,730
144141,Alpimex,APK 12.7,$6,730
144279,RAD,M614,$6,730
145062,Poly Technologies,M99,$6,730
145064,Poly Technologies,M99B,$6,730
145112,China South Industries Group,AMR-2,$6,730
145113,Norinco,JS 05,$6,730
145114,China South Industries Group,LR2A,$6,730
145116,Kovrov,SVN-98,$6,730
145117,Ballard,SB500,$6,730
145144,German Anti-Tank Rifle,PzB42,$6,730
145299,Degtyarev,ASVK,$6,730
145882,BCM Europearms,Extreme,$6,730
145911,BCM Europearms,MAAR Extreme,$6,730
145914,BCM Europearms,STD Extreme,$6,730
146074,Azerbaijani Sniper Rifle,Istiglal IST 14.5,$6,730
146460,Elite Machining,Elite 50,$6,730
158827,Semtecx,Single Shot Pistol,$6,730
159910,Caracal,CS50,$6,730
177322,Alberta Tactical Rifle,ATSHL,$6,730
177383,Norinco,CSLR5,$6,730
181322,Defence Industries Organization,AM-50,$6,730
193342,Ursus Firearms,Kodiak,$6,730
195900,Tech Designs,Kodiak,$6,730
45844,Barrett Firearms,99,$6,745
134240,Steyr-Mannlicher,HS50M1,$6,750
28292,Parker Brothers,GH,$6,780
142747,TNW,Browning M37,$6,800
147726,Ohio Ordnance Works,HCAR,$6,800
156187,Heckler & Koch,HK243,$6,800
114536,Fortmeier, Heinrich,2001,$6,920
145118,Fortmeier, Heinrich,2002,$6,920
24443,Sima Cefar,MGP14,$7,000
117453,Heckler & Koch,G36,$7,000
130143,SaskSten,Sten MARK 2 Rotary Magazine Model,$7,000
140067,Wise Lite Arms,Goryunov SA43,$7,000
151006,Heckler & Koch,G36,$7,000
118380,Prairie Gun Works,Timberwolf Tactical,$7,090
123952,EDM Arms,SA-01 Windrunner,$7,120
121348,Evolution USA,Phantom 3,$7,150
178062,DRD,Kivaari,$7,150
129273,Stoner,MARK 11 Model 0,$7,270
135796,Stoner,XM110,$7,270
136178,Stoner,MARK 11 Model 1,$7,270
183962,Falkor Defense,FD-30A,$7,280
47346,Boys,MARK 1,$7,290
47347,Boys,MARK 1,$7,290
47348,Boys,MARK 1,$7,290
47351,Boys,MARK 1,$7,290
125624,Ares Defense Systems,Ares-15,$7,330
196534,Rhodesian Submachine Gun,M77,$7,400
120647,MAG,GS97,$7,460
28668,Lefever,F,$7,470
121118,Mitchells Mausers,M93 Black Arrow Target,$7,480
121804,Cobb,FA50,$7,480
121807,Cobb,FA50(T),$7,480
125909,Cobb,BA50,$7,480
124986,Rapid Fire,Browning M1919A4,$7,500
196637,SDM,SMG9,$7,500
198772,Sulun Arms,SG-105-20,$7,500
136576,Heckler & Koch,MR762A1,$7,510
147730,Miller Precision Arms,MPA300 Guardian,$7,510
120945,Heckler & Koch,G36K,$7,600
117257,Heckler & Koch,G36P,$7,700
120064,Schuerman Arms,SA40,$7,760
45845,Barrett Firearms,98,$7,800
128201,Heckler & Koch,G36KV,$7,800
146182,AXTS,AX556,$7,850
133105,Thor Global Defense Group,408 XM Series,$7,880
30130,Weatherby,MARK V Safari Custom,$7,950
32514,Weatherby,MARK V Safari Custom,$7,950
32516,Weatherby,MARK V Safari Custom,$7,950
64062,Northwest Imports,Browning M2 Heavy Barrel,$8,000
64062,Northwest Imports,Browning M2 Heavy Barrel,$8,000
127747,Bushmaster,BA50,$8,000
130589,SaskSten,Sten/Suomi FRT,$8,000
196117,Radom,Grot,$8,000
127677,Steyr-Mannlicher,HS460,$8,050
28285,Parker Brothers,DH,$8,110
129133,Anzio Ironworks,Anzio 20,$8,130
142840,Noreen Firearms,Noreen Bad News,$8,130
158786,Anzio Ironworks,Anzio 20,$8,130
117328,US Ordnance Incorporated,Browning M1919A6,$8,300
117329,US Ordnance Incorporated,Browning M1919A4,$8,300
124413,Ramo,650,$8,310
71015,Sterling,MARK 4 Police Carbine,$8,350
129770,Accuracy International,AX,$8,370
120436,Parker Brothers,GHE,$8,440
44194,Ohio Ordnance Works,BAR M1918A3,$8,500
44723,Valkyrie Arms,Browning M1919A4,$8,500
128917,BRP,MG42SA,$8,500
130588,SaskSten,Sten New Zealand Pattern,$8,500
139020,British Mortar,ML-3 Inch,$8,580
169587,British Mortar,ML-4.2 Inch,$8,580
121732,Spider Firearms,Ferret 50,$8,700
121752,CheyTac,M300 Shiloh,$8,700
198800,Milkor USA,MGL-LTL,$8,710
60657,Zanardini,Bristol 409 Express,$8,780
142000,Ohio Ordnance Works,BAR A1918,$8,800
47345,Boys,MARK 1*,$8,970
47349,Boys,MARK 1*,$8,970
47352,Boys,MARK 1*,$8,970
122947,Zastava,M93,$9,000
147444,Sword International,MARK 18 Model 0 Mjolnir,$9,090
77831,Smith & Wesson,M1940 MARK 2,$9,300
60578,RPA,Quadlock,$9,310
128468,CheyTac,M200,$9,325
128897,Lawton Machine,8500,$9,325
122982,Steyr-Mannlicher,HS50,$9,360
118061,EDM Arms,XM-107 Windrunner,$9,430
150046,CheyTac,M300,$9,445
16341,Alpine,M1 Carbine,$9,490
37834,Tippmann Arms,Browning M1917 1/2 Scale,$9,500
150026,CheyTac,M300 Intervention,$9,695
128689,Jard,J50,$9,880
182648,Jard,J51,$9,880
4633,Dumoulin, Henri & Fils,Imperial Magnum,$9,945
32475,Weatherby,MARK V Custom,$9,945
121746,CheyTac,M100 Intervention,$9,945
121753,CheyTac,M400 Shiloh,$9,945
125377,CheyTac,M310,$9,945
125378,CheyTac,M310,$9,945
128807,EDM Arms,408 XM Series,$9,945
130509,Barnard,P Chey,$9,945
28167,Purdey,Double Barrel Rifle,Call program contact centre
56756,Walther,WA2000,Call program contact centre
25204,Spendal,Double Rifle,Call program contact centre
196468,Wells Custom Gunmakers,Browning M1919A4,Call program contact centre
37839,Tippmann Arms,Browning M2 Heavy Barrel 1/2 Scale,Call program contact centre
57898,Westley Richards,Single Under-Lever Rifle,Call program contact centre
58397,Grant, Stephen & Sons,Double Barrel Rifle,Call program contact centre
2568,Volks Gewehr,VG1-5,Call program contact centre
165028,Gepard,GM6 Lynx,Call program contact centre
165028,Gepard,GM6 Lynx,Call program contact centre
122289,Searcy, B,Double Barrel Rifle,Call program contact centre
123661,Heym,88B/SS Jumbo,Call program contact centre
124649,Medwell & Perrett,Double Barrel Rifle,Call program contact centre
119312,Ohio Ordnance Works,Browning M1928 Colt,Call program contact centre
52260,Demas,Azur,Call program contact centre
60256,FAMARS,Africa Express,Call program contact centre
86838,Szecsei & Fuchs,SSS,Call program contact centre
121676,SIG,SK46,Call program contact centre
38095,Parker Brothers,B,Call program contact centre
177724,Swiss Arms,Classic Green Sniper,Call program contact centre
120431,Parker Brothers,CHE,Call program contact centre
136016,Sero,GM6 Lynx,Call program contact centre
136016,Sero,GM6 Lynx,Call program contact centre
136656,US Mortar,XM224E3,Call program contact centre
60238,FAMARS,Venus Express,Call program contact centre
60604,Zanardini,Oxford 407SL Express,Call program contact centre
124643,Ligamec,USA50,Call program contact centre
60617,Zanardini,Oxford 403SL Express,Call program contact centre
198529,Aero Precision,Texas,Call program contact centre
128444,Solothurn,S18-1000,Call program contact centre
128445,Solothurn,S18-100,Call program contact centre
195379,Concari,4,Call program contact centre
161986,Desert Ordnance,M60E4,Call program contact centre
196848,Victrix Armaments,Corvo,Call program contact centre
128456,Ohio Ordnance Works,M240SLR,Call program contact centre
143845,Mountain Machine Works,AR-180B,Call program contact centre
125760,AMP,DSR 50,Call program contact centre
136419,Swiss Arms,SAN511,Call program contact centre
122278,Valkyrie Arms,Browning M2 Heavy Barrel,Call program contact centre
122278,Valkyrie Arms,Browning M2 Heavy Barrel,Call program contact centre
27754,Webley & Scott,Wild Fowl Gun,Call program contact centre
89155,McBros,50 BMG Sporter,Call program contact centre
89175,McBros,50 BMG Sporter,Call program contact centre
28280,Parker Brothers,BH,Call program contact centre
38099,Parker Brothers,D,Call program contact centre
32477,Weatherby,MARK V Custom,Call program contact centre
129274,Stoner,M110,Call program contact centre
136177,Stoner,M110,Call program contact centre
198001,Andro Corp Industries,ACI-15,Call program contact centre
127312,US Mortar,M2,Call program contact centre
127314,US Mortar,M2,Call program contact centre
127315,US Mortar,M2,Call program contact centre
127316,US Mortar,M1,Call program contact centre
127317,US Mortar,M1,Call program contact centre
127318,US Mortar,M1,Call program contact centre
37773,Accuracy International,AW50,Call program contact centre
187922,St George Arms,Leader 50 A1,Call program contact centre
187922,St George Arms,Leader 50 A1,Call program contact centre
130849,US Ordnance,M6 37MM Gun,Call program contact centre
171782,MG Arms,Behemoth,Call program contact centre
38105,Parker Brothers,G,Call program contact centre
158307,Allied Armament,Browning M3 Aircraft,Call program contact centre
158307,Allied Armament,Browning M3 Aircraft,Call program contact centre
43512,McMillan Brothers,TAC-50,Call program contact centre
45463,McMillan Brothers,TAC-50,Call program contact centre
4632,Dumoulin, Henri & Fils,Imperial Magnum Grand Luxe,Call program contact centre
120313,Pfeifer Waffen,Zeliska,Call program contact centre
2439,Smith & Wesson,M1940,Call program contact centre
158308,Allied Armament,Browning M2 Heavy Barrel,Call program contact centre
158308,Allied Armament,Browning M2 Heavy Barrel,Call program contact centre
147562,Accuracy International,AX50,Call program contact centre
160874,Grande Armeria Camuna (GAC),Thunder,Call program contact centre
139864,SIG Sauer,SIG 50,Call program contact centre
159267,SIG Sauer,SIG 50,Call program contact centre
4929,Heym,Express,Call program contact centre
139401,McMillan Brothers,50 BMG Benchrest,Call program contact centre
139402,McMillan Brothers,50 BMG Sporter,Call program contact centre
139404,McMillan Brothers,50 BMG Sporter,Call program contact centre
139405,McMillan Brothers,50 BMG Tactical,Call program contact centre
139406,McMillan Brothers,50 BMG Tactical,Call program contact centre
25002,Franchi,LF57 Police,Call program contact centre
34480,MK Arms,MK760,Call program contact centre
117419,TNW,MG34,Call program contact centre
147603,Christensen Arms,Carbon Ranger,Call program contact centre
123438,Accuracy International,AS50,Call program contact centre
89035,Robar,RC-50,Call program contact centre
28283,Parker Brothers,CH,Call program contact centre
131107,Stillers Precision Firearms,TAC408,Call program contact centre
131168,Stillers Precision Firearms,TAC408,Call program contact centre
129882,Plainfield Machine,M3 Carbine,Call program contact centre
64203,TNW,Browning M2 Heavy Barrel,Call program contact centre
64203,TNW,Browning M2 Heavy Barrel,Call program contact centre
119419,Lahti,39,Call program contact centre
4628,Dumoulin, Henri & Fils,Imperial Magnum Sovereign,Call program contact centre
35211,Weatherby,MARK V,Call program contact centre
35213,Weatherby,MARK V,Call program contact centre
77171,Casartelli, Carlo,Africa,Call program contact centre
118557,Nesika,M,Call program contact centre
118558,Nesika,M,Call program contact centre
145119,Vigilance Rifles,VR1,Call program contact centre
120424,Parker Brothers,BHE,Call program contact centre
181402,Motiuk Manufacturing,MG3-S,Call program contact centre
28354,Parker Brothers,T,Call program contact centre
15837,Modulo Masterpiece,Wizard Snap Long Range Match,Call program contact centre
4586,Dumoulin, Ernest,Continental 1,Call program contact centre
37836,Tippmann Arms,Browning M1919A4 1/2 Scale,Call program contact centre
45004,Northwest Imports,Browning M1919A4,Call program contact centre
28350,Parker Brothers,U,Call program contact centre
129250,RPA,Rangemaster 50,Call program contact centre
57438,Prairie Gun Works,LRT2REP,Call program contact centre
121748,CheyTac,M200 Intervention,Call program contact centre
123803,CheyTac,M400,Call program contact centre
160875,Grande Armeria Camuna (GAC),Big One,Call program contact centre
127181,Sport Systeme Dittrich,BD42 (H),Call program contact centre
162426,Cadex,CDX-50 Tremor,Call program contact centre
139389,McMillan,TAC-50,Call program contact centre
139420,McMillan,50 BMG Benchrest,Call program contact centre
132227,McMillan,TAC-416,Call program contact centre
196133,Cadex,CDX-X100,Call program contact centre
74789,Stoner,SR-50,Call program contact centre
127296,Serbu,BFG-50A,Call program contact centre
108915,Smith & Wesson,M1940 MARK 1,Call program contact centre
46720,Christensen Arms,Carbon One Ranger,Call program contact centre
118711,Christensen Arms,Carbon One Ranger,Call program contact centre
119889,Christensen Arms,Carbon One Conquest,Call program contact centre
30129,Weatherby,MARK V Crown Custom,Call program contact centre
195040,Thor Global Defense Group,M96 Windrunner Series,Call program contact centre
118907,Swiss Arms,Blue Star,Call program contact centre
119484,Swiss Arms,Swiss Arms Edition,Call program contact centre
119485,Swiss Arms,Red Devil,Call program contact centre
119588,Swiss Arms,Heavy Metal,Call program contact centre
124216,Swiss Arms,Classic Green Carbine,Call program contact centre
129006,Swiss Arms,Black Special Carbine,Call program contact centre
146457,Swiss Arms,Black Special CQB,Call program contact centre
146459,Swiss Arms,Black Special Target,Call program contact centre
163526,Swiss Arms,Hiemis,Call program contact centre
163527,Swiss Arms,Ver,Call program contact centre
163528,Swiss Arms,Aestas,Call program contact centre
163529,Swiss Arms,Autumnus,Call program contact centre
147547,Alexander Arms,Ulfberht,Call program contact centre
